[{"model": "accounts.account", "pk": 1, "fields": {"password": "pbkdf2_sha256$320000$4Kv9Ucq7RUlFAjPuAo4VZ9$VQJvsRWTm8QCxHT7WkA9cCXetO5EyjvDtbDSOTQe+5Y=", "email": "david.shanahan.burns@gmail.com", "first_name": "David", "last_name": "Burns", "newsletter": true, "date_joined": "2022-01-05T12:06:32.341Z", "last_login": "2022-01-13T21:55:44.789Z", "is_admin": true, "is_active": true, "is_staff": true, "is_superuser": true}}, {"model": "products.category", "pk": 1, "fields": {"title": "Membership", "slug": "membership", "ordering": 1}}, {"model": "products.category", "pk": 2, "fields": {"title": "Boxing Gear", "slug": "boxing-gear", "ordering": 2}}, {"model": "products.category", "pk": 3, "fields": {"title": "Apparel", "slug": "apparel", "ordering": 3}}, {"model": "products.subcategory", "pk": 1, "fields": {"parent": 1, "title": "Yearly Bundle", "slug": "yearly-bundle", "ordering": 1}}, {"model": "products.subcategory", "pk": 2, "fields": {"parent": 1, "title": "Quarterly Bundle", "slug": "quarterly-bundle", "ordering": 2}}, {"model": "products.subcategory", "pk": 3, "fields": {"parent": 1, "title": "Monthly Bundle", "slug": "monthly-bundle", "ordering": 3}}, {"model": "products.subcategory", "pk": 4, "fields": {"parent": 2, "title": "Boxing Gloves", "slug": "boxing-gloves", "ordering": 1}}, {"model": "products.subcategory", "pk": 5, "fields": {"parent": 2, "title": "Handwraps", "slug": "handwraps", "ordering": 2}}, {"model": "products.subcategory", "pk": 6, "fields": {"parent": 2, "title": "Mouthguard", "slug": "mouthguard", "ordering": 3}}, {"model": "products.subcategory", "pk": 7, "fields": {"parent": 3, "title": "Hoodies", "slug": "hoodies", "ordering": 1}}, {"model": "products.subcategory", "pk": 8, "fields": {"parent": 3, "title": "Tshirts", "slug": "tshirts", "ordering": 2}}, {"model": "products.subcategory", "pk": 9, "fields": {"parent": 3, "title": "Sweatpants", "slug": "sweatpants", "ordering": 3}}, {"model": "products.productoption", "pk": 1, "fields": {"product_option": "Senior", "option_name": "Senior - 18+"}}, {"model": "products.productoption", "pk": 2, "fields": {"product_option": "Junior", "option_name": "Junior - Under 18"}}, {"model": "products.productoption", "pk": 3, "fields": {"product_option": "Long", "option_name": "4.5m"}}, {"model": "products.productoption", "pk": 4, "fields": {"product_option": "Short", "option_name": "3m"}}, {"model": "products.product", "pk": 1, "fields": {"category": 1, "subcategory": 1, "title": "Yearly Bundle - Gold", "ordering": 1, "slug": "yearly-bundle-gold", "description": "12 month fully comprehensive membership - includes full travel expenses for club shows and sparring, 5 x family tickets for all events, and full set of club apparel and boxing gear. Great for young prospects!", "price": "300.00", "date_added": "2022-01-05T12:55:47.421Z", "image": "products/yrly-gold_iRiddTE.jpeg", "thumbnail": "products/thumbnails/yrly-gold_52beQoe.jpeg"}}, {"model": "products.product", "pk": 2, "fields": {"category": 1, "subcategory": 1, "title": "Yearly Bundle - Silver", "ordering": 1, "slug": "yearly-bundle-silver", "description": "12 month membership including club apparel and boxing gear. Hoodie, t-shirt, sweatpants, gloves, handwraps and mouthguard all included. Great for returning members!", "price": "200.00", "date_added": "2022-01-05T12:57:01.567Z", "image": "products/yrly-silver.jpeg", "thumbnail": "products/thumbnails/yrly-silver.jpeg"}}, {"model": "products.product", "pk": 3, "fields": {"category": 1, "subcategory": 1, "title": "Yearly Bundle - Bronze", "ordering": 2, "slug": "yearly-bundle-bronze", "description": "12 month membership. Club apparel and training gear must be purchased separately ahead of club shows and club sparring. Great for beginners and first timers!", "price": "100.00", "date_added": "2022-01-05T12:58:01.587Z", "image": "products/yrly-bronze.jpeg", "thumbnail": "products/thumbnails/yrly-bronze.jpeg"}}, {"model": "products.product", "pk": 4, "fields": {"category": 1, "subcategory": 2, "title": "Quarterly Bundle - Gold", "ordering": 3, "slug": "quarterly-bundle-gold", "description": "3 month membership for 36 sessions - includes technical sessions on Mondays and Wednesdays, as well as our doghouse sparring sessions on Sunday mornings.", "price": "80.00", "date_added": "2022-01-05T13:02:43.716Z", "image": "products/cup-gold.jpeg", "thumbnail": "products/thumbnails/cup-gold.jpeg"}}, {"model": "products.product", "pk": 5, "fields": {"category": 1, "subcategory": 2, "title": "Quarterly Bundle - Silver", "ordering": 3, "slug": "quarterly-bundle-silver", "description": "3 month membership for 24 sessions - includes technical sessions on Mondays and Wednesdays. This package does not include our doghouse sparring sessions on Sunday mornings.", "price": "60.00", "date_added": "2022-01-05T13:22:09.757Z", "image": "products/cup-silver.jpeg", "thumbnail": "products/thumbnails/cup-silver.jpeg"}}, {"model": "products.product", "pk": 6, "fields": {"category": 1, "subcategory": 3, "title": "Monthly Bundle - Gold", "ordering": 4, "slug": "monthly-bundle-gold", "description": "1 month membership for 12 sessions - includes technical sessions on Mondays and Wednesdays, as well as our doghouse sparring sessions on Sunday mornings.", "price": "40.00", "date_added": "2022-01-05T13:23:30.643Z", "image": "products/medal-gl.jpeg", "thumbnail": "products/thumbnails/medal-gl.jpeg"}}, {"model": "products.product", "pk": 7, "fields": {"category": 1, "subcategory": 3, "title": "Monthly Bundle - Silver", "ordering": 4, "slug": "monthly-bundle-silver", "description": "1 month membership for 8 sessions - includes technical sessions on Mondays and Wednesdays. This package does not include our doghouse sparring sessions on Sunday mornings.", "price": "20.00", "date_added": "2022-01-05T13:25:01.331Z", "image": "products/medal-sl.jpeg", "thumbnail": "products/thumbnails/medal-sl.jpeg"}}, {"model": "products.product", "pk": 8, "fields": {"category": 2, "subcategory": 4, "title": "Boxing Gloves - Red", "ordering": 5, "slug": "boxing-gloves-red", "description": "Box your way to the top in red leather gloves. Old school white lace closure. Land your hardest punches while protecting your hands. The foam mould protects and absorbs the impact.", "price": "40.00", "date_added": "2022-01-05T14:22:28.252Z", "image": "products/gloves-red.jpeg", "thumbnail": "products/thumbnails/gloves-red.jpeg"}}, {"model": "products.product", "pk": 9, "fields": {"category": 2, "subcategory": 4, "title": "Boxing Gloves - Black", "ordering": 5, "slug": "boxing-gloves-black", "description": "Box your way to the top in black leather gloves. Old school white lace closure. Land your hardest punches while protecting your hands. The foam mould protects and absorbs the impact.", "price": "40.00", "date_added": "2022-01-05T14:25:51.474Z", "image": "products/gloves-black.jpeg", "thumbnail": "products/thumbnails/gloves-black.jpeg"}}, {"model": "products.product", "pk": 10, "fields": {"category": 2, "subcategory": 5, "title": "Handwraps - Red", "ordering": 5, "slug": "handwraps-red", "description": "Protect your tools and they will protect you. Thumb lock loops, velcro fastening & hook and loop closure. Available in either 4.5 or 3 metres in length.", "price": "15.00", "date_added": "2022-01-05T14:39:18.492Z", "image": "products/handwraps-red.jpeg", "thumbnail": "products/thumbnails/handwraps-red.jpeg"}}, {"model": "products.product", "pk": 11, "fields": {"category": 2, "subcategory": 5, "title": "Handwraps - Black", "ordering": 5, "slug": "handwraps-black", "description": "Protect your tools and they will protect you. Thumb lock loops, velcro fastening & hook and loop closure. Available in either 4.5 or 3 metres in length.", "price": "15.00", "date_added": "2022-01-05T14:40:32.059Z", "image": "products/wraps-black.jpeg", "thumbnail": "products/thumbnails/wraps-black.jpeg"}}, {"model": "products.productselect", "pk": 1, "fields": {"product_select": 1, "product": 1, "stock_count": 10}}, {"model": "products.productselect", "pk": 2, "fields": {"product_select": 1, "product": 2, "stock_count": 5}}, {"model": "products.productselect", "pk": 3, "fields": {"product_select": 1, "product": 3, "stock_count": 5}}, {"model": "products.productselect", "pk": 4, "fields": {"product_select": 1, "product": 4, "stock_count": 5}}, {"model": "products.productselect", "pk": 5, "fields": {"product_select": 1, "product": 5, "stock_count": 5}}, {"model": "products.productselect", "pk": 6, "fields": {"product_select": 1, "product": 6, "stock_count": 8}}, {"model": "products.productselect", "pk": 7, "fields": {"product_select": 1, "product": 7, "stock_count": 8}}, {"model": "products.productselect", "pk": 9, "fields": {"product_select": 2, "product": 2, "stock_count": 15}}, {"model": "products.productselect", "pk": 10, "fields": {"product_select": 2, "product": 3, "stock_count": 15}}, {"model": "products.productselect", "pk": 11, "fields": {"product_select": 2, "product": 4, "stock_count": 15}}, {"model": "products.productselect", "pk": 12, "fields": {"product_select": 2, "product": 5, "stock_count": 15}}, {"model": "products.productselect", "pk": 13, "fields": {"product_select": 2, "product": 6, "stock_count": 15}}, {"model": "products.productselect", "pk": 14, "fields": {"product_select": 2, "product": 7, "stock_count": 15}}, {"model": "products.productselect", "pk": 15, "fields": {"product_select": 3, "product": 11, "stock_count": 15}}, {"model": "products.productselect", "pk": 16, "fields": {"product_select": 3, "product": 10, "stock_count": 15}}, {"model": "products.productselect", "pk": 17, "fields": {"product_select": 4, "product": 11, "stock_count": 15}}, {"model": "products.productselect", "pk": 18, "fields": {"product_select": 4, "product": 10, "stock_count": 15}}, {"model": "products.productselect", "pk": 19, "fields": {"product_select": 2, "product": 1, "stock_count": 5}}, {"model": "admin.logentry", "pk": 1, "fields": {"action_time": "2022-01-05T12:48:55.292Z", "user": 1, "content_type": 2, "object_id": "1", "object_repr": "Membership", "action_flag": 1, "change_message": "[{\"added\": {}}]"}}, {"model": "admin.logentry", "pk": 2, "fields": {"action_time": "2022-01-05T12:49:13.402Z", "user": 1, "content_type": 2, "object_id": "2", "object_repr": "Boxing Gear", "action_flag": 1, "change_message": "[{\"added\": {}}]"}}, {"model": "admin.logentry", "pk": 3, "fields": {"action_time": "2022-01-05T12:50:00.509Z", "user": 1, "content_type": 2, "object_id": "2", "object_repr": "Gear", "action_flag": 2, "change_message": "[{\"changed\": {\"fields\": [\"Title\", \"Slug\"]}}]"}}, {"model": "admin.logentry", "pk": 4, "fields": {"action_time": "2022-01-05T12:50:18.481Z", "user": 1, "content_type": 2, "object_id": "2", "object_repr": "Boxing Gear", "action_flag": 2, "change_message": "[{\"changed\": {\"fields\": [\"Title\", \"Slug\"]}}]"}}, {"model": "admin.logentry", "pk": 5, "fields": {"action_time": "2022-01-05T12:50:36.232Z", "user": 1, "content_type": 2, "object_id": "3", "object_repr": "Apparel", "action_flag": 1, "change_message": "[{\"added\": {}}]"}}, {"model": "admin.logentry", "pk": 6, "fields": {"action_time": "2022-01-05T12:52:00.855Z", "user": 1, "content_type": 4, "object_id": "6", "object_repr": "Mouthguard", "action_flag": 2, "change_message": "[]"}}, {"model": "admin.logentry", "pk": 7, "fields": {"action_time": "2022-01-05T12:55:47.423Z", "user": 1, "content_type": 3, "object_id": "1", "object_repr": "Yearly Bundle - Gold", "action_flag": 1, "change_message": "[{\"added\": {}}]"}}, {"model": "admin.logentry", "pk": 8, "fields": {"action_time": "2022-01-05T12:57:01.568Z", "user": 1, "content_type": 3, "object_id": "2", "object_repr": "Yearly Bundle - Silver", "action_flag": 1, "change_message": "[{\"added\": {}}]"}}, {"model": "admin.logentry", "pk": 9, "fields": {"action_time": "2022-01-05T12:58:01.589Z", "user": 1, "content_type": 3, "object_id": "3", "object_repr": "Yearly Bundle - Bronze", "action_flag": 1, "change_message": "[{\"added\": {}}]"}}, {"model": "admin.logentry", "pk": 10, "fields": {"action_time": "2022-01-05T13:02:43.718Z", "user": 1, "content_type": 3, "object_id": "4", "object_repr": "Quarterly Bundle - Gold", "action_flag": 1, "change_message": "[{\"added\": {}}]"}}, {"model": "admin.logentry", "pk": 11, "fields": {"action_time": "2022-01-05T13:02:54.496Z", "user": 1, "content_type": 3, "object_id": "4", "object_repr": "Quarterly Bundle - Gold", "action_flag": 2, "change_message": "[]"}}, {"model": "admin.logentry", "pk": 12, "fields": {"action_time": "2022-01-05T13:03:17.123Z", "user": 1, "content_type": 3, "object_id": "4", "object_repr": "Quarterly Bundle - Gold", "action_flag": 2, "change_message": "[{\"changed\": {\"fields\": [\"Image\"]}}]"}}, {"model": "admin.logentry", "pk": 13, "fields": {"action_time": "2022-01-05T13:03:46.064Z", "user": 1, "content_type": 3, "object_id": "4", "object_repr": "Quarterly Bundle - Gold", "action_flag": 2, "change_message": "[{\"changed\": {\"fields\": [\"Image\"]}}]"}}, {"model": "admin.logentry", "pk": 14, "fields": {"action_time": "2022-01-05T13:21:03.744Z", "user": 1, "content_type": 3, "object_id": "4", "object_repr": "Quarterly Bundle - Gold", "action_flag": 2, "change_message": "[{\"changed\": {\"fields\": [\"Image\"]}}]"}}, {"model": "admin.logentry", "pk": 15, "fields": {"action_time": "2022-01-05T13:22:09.759Z", "user": 1, "content_type": 3, "object_id": "5", "object_repr": "Quarterly Bundle - Silver", "action_flag": 1, "change_message": "[{\"added\": {}}]"}}, {"model": "admin.logentry", "pk": 16, "fields": {"action_time": "2022-01-05T13:23:30.645Z", "user": 1, "content_type": 3, "object_id": "6", "object_repr": "Monthly Bundle - Gold", "action_flag": 1, "change_message": "[{\"added\": {}}]"}}, {"model": "admin.logentry", "pk": 17, "fields": {"action_time": "2022-01-05T13:24:06.581Z", "user": 1, "content_type": 3, "object_id": "6", "object_repr": "Monthly Bundle - Gold", "action_flag": 2, "change_message": "[{\"changed\": {\"fields\": [\"Ordering\"]}}]"}}, {"model": "admin.logentry", "pk": 18, "fields": {"action_time": "2022-01-05T13:25:01.332Z", "user": 1, "content_type": 3, "object_id": "7", "object_repr": "Monthly Bundle - Silver", "action_flag": 1, "change_message": "[{\"added\": {}}]"}}, {"model": "admin.logentry", "pk": 19, "fields": {"action_time": "2022-01-05T13:26:02.608Z", "user": 1, "content_type": 11, "object_id": "1", "object_repr": "Senior", "action_flag": 1, "change_message": "[{\"added\": {}}, {\"added\": {\"name\": \"product select\", \"object\": \"Senior\"}}]"}}, {"model": "admin.logentry", "pk": 20, "fields": {"action_time": "2022-01-05T13:27:22.729Z", "user": 1, "content_type": 11, "object_id": "1", "object_repr": "Age Range", "action_flag": 2, "change_message": "[{\"changed\": {\"fields\": [\"Product option\", \"Option name\"]}}]"}}, {"model": "admin.logentry", "pk": 21, "fields": {"action_time": "2022-01-05T13:27:35.390Z", "user": 1, "content_type": 11, "object_id": "1", "object_repr": "Age Range", "action_flag": 2, "change_message": "[]"}}, {"model": "admin.logentry", "pk": 22, "fields": {"action_time": "2022-01-05T13:28:21.305Z", "user": 1, "content_type": 11, "object_id": "2", "object_repr": "Age Range", "action_flag": 1, "change_message": "[{\"added\": {}}]"}}, {"model": "admin.logentry", "pk": 23, "fields": {"action_time": "2022-01-05T13:30:21.241Z", "user": 1, "content_type": 11, "object_id": "1", "object_repr": "Age Range", "action_flag": 2, "change_message": "[{\"added\": {\"name\": \"product select\", \"object\": \"Age Range\"}}, {\"added\": {\"name\": \"product select\", \"object\": \"Age Range\"}}, {\"added\": {\"name\": \"product select\", \"object\": \"Age Range\"}}, {\"added\": {\"name\": \"product select\", \"object\": \"Age Range\"}}, {\"added\": {\"name\": \"product select\", \"object\": \"Age Range\"}}, {\"added\": {\"name\": \"product select\", \"object\": \"Age Range\"}}]"}}, {"model": "admin.logentry", "pk": 24, "fields": {"action_time": "2022-01-05T13:30:51.509Z", "user": 1, "content_type": 11, "object_id": "2", "object_repr": "Age Range", "action_flag": 2, "change_message": "[{\"added\": {\"name\": \"product select\", \"object\": \"Age Range\"}}, {\"added\": {\"name\": \"product select\", \"object\": \"Age Range\"}}, {\"added\": {\"name\": \"product select\", \"object\": \"Age Range\"}}, {\"added\": {\"name\": \"product select\", \"object\": \"Age Range\"}}, {\"added\": {\"name\": \"product select\", \"object\": \"Age Range\"}}, {\"added\": {\"name\": \"product select\", \"object\": \"Age Range\"}}, {\"added\": {\"name\": \"product select\", \"object\": \"Age Range\"}}]"}}, {"model": "admin.logentry", "pk": 25, "fields": {"action_time": "2022-01-05T14:22:28.261Z", "user": 1, "content_type": 3, "object_id": "8", "object_repr": "Boxing Gloves - Red", "action_flag": 1, "change_message": "[{\"added\": {}}]"}}, {"model": "admin.logentry", "pk": 26, "fields": {"action_time": "2022-01-05T14:22:50.523Z", "user": 1, "content_type": 3, "object_id": "8", "object_repr": "Boxing Gloves - Red", "action_flag": 2, "change_message": "[{\"changed\": {\"fields\": [\"Ordering\"]}}]"}}, {"model": "admin.logentry", "pk": 27, "fields": {"action_time": "2022-01-05T14:22:59.135Z", "user": 1, "content_type": 3, "object_id": "6", "object_repr": "Monthly Bundle - Gold", "action_flag": 2, "change_message": "[]"}}, {"model": "admin.logentry", "pk": 28, "fields": {"action_time": "2022-01-05T14:23:05.551Z", "user": 1, "content_type": 3, "object_id": "8", "object_repr": "Boxing Gloves - Red", "action_flag": 2, "change_message": "[{\"changed\": {\"fields\": [\"Ordering\"]}}]"}}, {"model": "admin.logentry", "pk": 29, "fields": {"action_time": "2022-01-05T14:25:51.476Z", "user": 1, "content_type": 3, "object_id": "9", "object_repr": "Boxing Gloves - Black", "action_flag": 1, "change_message": "[{\"added\": {}}]"}}, {"model": "admin.logentry", "pk": 30, "fields": {"action_time": "2022-01-05T14:26:07.812Z", "user": 1, "content_type": 3, "object_id": "9", "object_repr": "Boxing Gloves - Black", "action_flag": 2, "change_message": "[{\"changed\": {\"fields\": [\"Description\"]}}]"}}, {"model": "admin.logentry", "pk": 31, "fields": {"action_time": "2022-01-05T14:39:18.494Z", "user": 1, "content_type": 3, "object_id": "10", "object_repr": "Handwraps - Red", "action_flag": 1, "change_message": "[{\"added\": {}}]"}}, {"model": "admin.logentry", "pk": 32, "fields": {"action_time": "2022-01-05T14:39:35.243Z", "user": 1, "content_type": 3, "object_id": "10", "object_repr": "Handwraps - Red", "action_flag": 2, "change_message": "[]"}}, {"model": "admin.logentry", "pk": 33, "fields": {"action_time": "2022-01-05T14:40:32.060Z", "user": 1, "content_type": 3, "object_id": "11", "object_repr": "Handwraps - Black", "action_flag": 1, "change_message": "[{\"added\": {}}]"}}, {"model": "admin.logentry", "pk": 34, "fields": {"action_time": "2022-01-05T14:40:40.807Z", "user": 1, "content_type": 3, "object_id": "10", "object_repr": "Handwraps - Red", "action_flag": 2, "change_message": "[]"}}, {"model": "admin.logentry", "pk": 35, "fields": {"action_time": "2022-01-05T14:40:49.133Z", "user": 1, "content_type": 3, "object_id": "11", "object_repr": "Handwraps - Black", "action_flag": 2, "change_message": "[{\"changed\": {\"fields\": [\"Description\"]}}]"}}, {"model": "admin.logentry", "pk": 36, "fields": {"action_time": "2022-01-05T14:41:46.244Z", "user": 1, "content_type": 11, "object_id": "3", "object_repr": "Length", "action_flag": 1, "change_message": "[{\"added\": {}}, {\"added\": {\"name\": \"product select\", \"object\": \"Length\"}}, {\"added\": {\"name\": \"product select\", \"object\": \"Length\"}}]"}}, {"model": "admin.logentry", "pk": 37, "fields": {"action_time": "2022-01-05T14:42:19.261Z", "user": 1, "content_type": 11, "object_id": "4", "object_repr": "Length", "action_flag": 1, "change_message": "[{\"added\": {}}, {\"added\": {\"name\": \"product select\", \"object\": \"Length\"}}, {\"added\": {\"name\": \"product select\", \"object\": \"Length\"}}]"}}, {"model": "admin.logentry", "pk": 38, "fields": {"action_time": "2022-01-06T10:38:44.237Z", "user": 1, "content_type": 3, "object_id": "1", "object_repr": "Yearly Bundle - Gold", "action_flag": 2, "change_message": "[{\"changed\": {\"fields\": [\"Image\"]}}]"}}, {"model": "admin.logentry", "pk": 39, "fields": {"action_time": "2022-01-06T10:40:39.259Z", "user": 1, "content_type": 3, "object_id": "1", "object_repr": "Yearly Bundle - Gold", "action_flag": 2, "change_message": "[{\"changed\": {\"fields\": [\"Image\"]}}]"}}, {"model": "admin.logentry", "pk": 40, "fields": {"action_time": "2022-01-06T10:43:07.799Z", "user": 1, "content_type": 3, "object_id": "1", "object_repr": "Yearly Bundle - Gold", "action_flag": 2, "change_message": "[{\"changed\": {\"fields\": [\"Image\"]}}]"}}, {"model": "admin.logentry", "pk": 41, "fields": {"action_time": "2022-01-06T10:43:23.692Z", "user": 1, "content_type": 3, "object_id": "2", "object_repr": "Yearly Bundle - Silver", "action_flag": 2, "change_message": "[{\"changed\": {\"fields\": [\"Image\"]}}]"}}, {"model": "admin.logentry", "pk": 42, "fields": {"action_time": "2022-01-06T10:43:55.875Z", "user": 1, "content_type": 3, "object_id": "3", "object_repr": "Yearly Bundle - Bronze", "action_flag": 2, "change_message": "[{\"changed\": {\"fields\": [\"Image\"]}}]"}}, {"model": "admin.logentry", "pk": 43, "fields": {"action_time": "2022-01-06T10:44:20.509Z", "user": 1, "content_type": 3, "object_id": "4", "object_repr": "Quarterly Bundle - Gold", "action_flag": 2, "change_message": "[{\"changed\": {\"fields\": [\"Image\"]}}]"}}, {"model": "admin.logentry", "pk": 44, "fields": {"action_time": "2022-01-06T10:44:35.329Z", "user": 1, "content_type": 3, "object_id": "5", "object_repr": "Quarterly Bundle - Silver", "action_flag": 2, "change_message": "[{\"changed\": {\"fields\": [\"Image\"]}}]"}}, {"model": "admin.logentry", "pk": 45, "fields": {"action_time": "2022-01-06T10:44:54.056Z", "user": 1, "content_type": 3, "object_id": "6", "object_repr": "Monthly Bundle - Gold", "action_flag": 2, "change_message": "[{\"changed\": {\"fields\": [\"Image\"]}}]"}}, {"model": "admin.logentry", "pk": 46, "fields": {"action_time": "2022-01-06T10:45:11.159Z", "user": 1, "content_type": 3, "object_id": "7", "object_repr": "Monthly Bundle - Silver", "action_flag": 2, "change_message": "[{\"changed\": {\"fields\": [\"Image\"]}}]"}}, {"model": "admin.logentry", "pk": 47, "fields": {"action_time": "2022-01-06T10:45:35.940Z", "user": 1, "content_type": 3, "object_id": "9", "object_repr": "Boxing Gloves - Black", "action_flag": 2, "change_message": "[{\"changed\": {\"fields\": [\"Image\"]}}]"}}, {"model": "admin.logentry", "pk": 48, "fields": {"action_time": "2022-01-06T10:45:56.479Z", "user": 1, "content_type": 3, "object_id": "8", "object_repr": "Boxing Gloves - Red", "action_flag": 2, "change_message": "[{\"changed\": {\"fields\": [\"Image\"]}}]"}}, {"model": "admin.logentry", "pk": 49, "fields": {"action_time": "2022-01-06T10:46:13.708Z", "user": 1, "content_type": 3, "object_id": "11", "object_repr": "Handwraps - Black", "action_flag": 2, "change_message": "[{\"changed\": {\"fields\": [\"Image\"]}}]"}}, {"model": "admin.logentry", "pk": 50, "fields": {"action_time": "2022-01-06T10:46:31.491Z", "user": 1, "content_type": 3, "object_id": "10", "object_repr": "Handwraps - Red", "action_flag": 2, "change_message": "[{\"changed\": {\"fields\": [\"Image\"]}}]"}}, {"model": "admin.logentry", "pk": 51, "fields": {"action_time": "2022-01-06T10:48:23.337Z", "user": 1, "content_type": 3, "object_id": "1", "object_repr": "Yearly Bundle - Gold", "action_flag": 2, "change_message": "[{\"changed\": {\"fields\": [\"Image\"]}}]"}}, {"model": "admin.logentry", "pk": 52, "fields": {"action_time": "2022-01-06T10:48:40.792Z", "user": 1, "content_type": 3, "object_id": "2", "object_repr": "Yearly Bundle - Silver", "action_flag": 2, "change_message": "[{\"changed\": {\"fields\": [\"Image\"]}}]"}}, {"model": "admin.logentry", "pk": 53, "fields": {"action_time": "2022-01-06T10:48:54.700Z", "user": 1, "content_type": 3, "object_id": "3", "object_repr": "Yearly Bundle - Bronze", "action_flag": 2, "change_message": "[{\"changed\": {\"fields\": [\"Image\"]}}]"}}, {"model": "admin.logentry", "pk": 54, "fields": {"action_time": "2022-01-06T10:49:09.823Z", "user": 1, "content_type": 3, "object_id": "4", "object_repr": "Quarterly Bundle - Gold", "action_flag": 2, "change_message": "[{\"changed\": {\"fields\": [\"Image\"]}}]"}}, {"model": "admin.logentry", "pk": 55, "fields": {"action_time": "2022-01-06T10:49:27.490Z", "user": 1, "content_type": 3, "object_id": "5", "object_repr": "Quarterly Bundle - Silver", "action_flag": 2, "change_message": "[{\"changed\": {\"fields\": [\"Image\"]}}]"}}, {"model": "admin.logentry", "pk": 56, "fields": {"action_time": "2022-01-06T10:49:44.284Z", "user": 1, "content_type": 3, "object_id": "6", "object_repr": "Monthly Bundle - Gold", "action_flag": 2, "change_message": "[{\"changed\": {\"fields\": [\"Image\"]}}]"}}, {"model": "admin.logentry", "pk": 57, "fields": {"action_time": "2022-01-06T10:50:00.467Z", "user": 1, "content_type": 3, "object_id": "7", "object_repr": "Monthly Bundle - Silver", "action_flag": 2, "change_message": "[{\"changed\": {\"fields\": [\"Image\"]}}]"}}, {"model": "admin.logentry", "pk": 58, "fields": {"action_time": "2022-01-06T10:50:24.831Z", "user": 1, "content_type": 3, "object_id": "9", "object_repr": "Boxing Gloves - Black", "action_flag": 2, "change_message": "[{\"changed\": {\"fields\": [\"Image\"]}}]"}}, {"model": "admin.logentry", "pk": 59, "fields": {"action_time": "2022-01-06T10:50:41.501Z", "user": 1, "content_type": 3, "object_id": "8", "object_repr": "Boxing Gloves - Red", "action_flag": 2, "change_message": "[{\"changed\": {\"fields\": [\"Image\"]}}]"}}, {"model": "admin.logentry", "pk": 60, "fields": {"action_time": "2022-01-06T10:50:58.871Z", "user": 1, "content_type": 3, "object_id": "11", "object_repr": "Handwraps - Black", "action_flag": 2, "change_message": "[{\"changed\": {\"fields\": [\"Image\"]}}]"}}, {"model": "admin.logentry", "pk": 61, "fields": {"action_time": "2022-01-06T10:51:15.767Z", "user": 1, "content_type": 3, "object_id": "10", "object_repr": "Handwraps - Red", "action_flag": 2, "change_message": "[{\"changed\": {\"fields\": [\"Image\"]}}]"}}, {"model": "admin.logentry", "pk": 62, "fields": {"action_time": "2022-01-06T10:53:30.890Z", "user": 1, "content_type": 3, "object_id": "1", "object_repr": "Yearly Bundle - Gold", "action_flag": 2, "change_message": "[{\"changed\": {\"fields\": [\"Image\"]}}]"}}, {"model": "admin.logentry", "pk": 63, "fields": {"action_time": "2022-01-06T10:54:56.278Z", "user": 1, "content_type": 3, "object_id": "1", "object_repr": "Yearly Bundle - Gold", "action_flag": 2, "change_message": "[{\"changed\": {\"fields\": [\"Image\"]}}]"}}, {"model": "admin.logentry", "pk": 64, "fields": {"action_time": "2022-01-06T10:55:21.775Z", "user": 1, "content_type": 3, "object_id": "2", "object_repr": "Yearly Bundle - Silver", "action_flag": 2, "change_message": "[{\"changed\": {\"fields\": [\"Image\"]}}]"}}, {"model": "admin.logentry", "pk": 65, "fields": {"action_time": "2022-01-06T10:55:36.209Z", "user": 1, "content_type": 3, "object_id": "3", "object_repr": "Yearly Bundle - Bronze", "action_flag": 2, "change_message": "[{\"changed\": {\"fields\": [\"Image\"]}}]"}}, {"model": "admin.logentry", "pk": 66, "fields": {"action_time": "2022-01-06T10:55:50.334Z", "user": 1, "content_type": 3, "object_id": "4", "object_repr": "Quarterly Bundle - Gold", "action_flag": 2, "change_message": "[{\"changed\": {\"fields\": [\"Image\"]}}]"}}, {"model": "admin.logentry", "pk": 67, "fields": {"action_time": "2022-01-06T10:56:05.945Z", "user": 1, "content_type": 3, "object_id": "5", "object_repr": "Quarterly Bundle - Silver", "action_flag": 2, "change_message": "[{\"changed\": {\"fields\": [\"Image\"]}}]"}}, {"model": "admin.logentry", "pk": 68, "fields": {"action_time": "2022-01-06T10:56:26.087Z", "user": 1, "content_type": 3, "object_id": "6", "object_repr": "Monthly Bundle - Gold", "action_flag": 2, "change_message": "[{\"changed\": {\"fields\": [\"Image\"]}}]"}}, {"model": "admin.logentry", "pk": 69, "fields": {"action_time": "2022-01-06T10:56:41.412Z", "user": 1, "content_type": 3, "object_id": "7", "object_repr": "Monthly Bundle - Silver", "action_flag": 2, "change_message": "[{\"changed\": {\"fields\": [\"Image\"]}}]"}}, {"model": "admin.logentry", "pk": 70, "fields": {"action_time": "2022-01-06T10:57:10.225Z", "user": 1, "content_type": 3, "object_id": "9", "object_repr": "Boxing Gloves - Black", "action_flag": 2, "change_message": "[{\"changed\": {\"fields\": [\"Image\"]}}]"}}, {"model": "admin.logentry", "pk": 71, "fields": {"action_time": "2022-01-06T10:57:27.005Z", "user": 1, "content_type": 3, "object_id": "8", "object_repr": "Boxing Gloves - Red", "action_flag": 2, "change_message": "[{\"changed\": {\"fields\": [\"Image\"]}}]"}}, {"model": "admin.logentry", "pk": 72, "fields": {"action_time": "2022-01-06T10:57:45.780Z", "user": 1, "content_type": 3, "object_id": "11", "object_repr": "Handwraps - Black", "action_flag": 2, "change_message": "[{\"changed\": {\"fields\": [\"Image\"]}}]"}}, {"model": "admin.logentry", "pk": 73, "fields": {"action_time": "2022-01-06T10:58:01.707Z", "user": 1, "content_type": 3, "object_id": "10", "object_repr": "Handwraps - Red", "action_flag": 2, "change_message": "[{\"changed\": {\"fields\": [\"Image\"]}}]"}}, {"model": "admin.logentry", "pk": 74, "fields": {"action_time": "2022-01-06T11:01:30.682Z", "user": 1, "content_type": 3, "object_id": "1", "object_repr": "Yearly Bundle - Gold", "action_flag": 2, "change_message": "[{\"changed\": {\"fields\": [\"Image\"]}}]"}}, {"model": "admin.logentry", "pk": 75, "fields": {"action_time": "2022-01-11T18:25:17.045Z", "user": 1, "content_type": 3, "object_id": "1", "object_repr": "Yearly Bundle - Gold", "action_flag": 2, "change_message": "[{\"changed\": {\"fields\": [\"Image\"]}}]"}}, {"model": "admin.logentry", "pk": 76, "fields": {"action_time": "2022-01-11T18:30:00.400Z", "user": 1, "content_type": 3, "object_id": "2", "object_repr": "Yearly Bundle - Silver", "action_flag": 2, "change_message": "[{\"changed\": {\"fields\": [\"Image\"]}}]"}}, {"model": "admin.logentry", "pk": 77, "fields": {"action_time": "2022-01-11T18:30:15.936Z", "user": 1, "content_type": 3, "object_id": "3", "object_repr": "Yearly Bundle - Bronze", "action_flag": 2, "change_message": "[{\"changed\": {\"fields\": [\"Image\"]}}]"}}, {"model": "admin.logentry", "pk": 78, "fields": {"action_time": "2022-01-11T18:30:52.820Z", "user": 1, "content_type": 3, "object_id": "4", "object_repr": "Quarterly Bundle - Gold", "action_flag": 2, "change_message": "[{\"changed\": {\"fields\": [\"Image\"]}}]"}}, {"model": "admin.logentry", "pk": 79, "fields": {"action_time": "2022-01-11T18:31:14.451Z", "user": 1, "content_type": 3, "object_id": "5", "object_repr": "Quarterly Bundle - Silver", "action_flag": 2, "change_message": "[{\"changed\": {\"fields\": [\"Image\"]}}]"}}, {"model": "admin.logentry", "pk": 80, "fields": {"action_time": "2022-01-11T18:31:36.698Z", "user": 1, "content_type": 3, "object_id": "6", "object_repr": "Monthly Bundle - Gold", "action_flag": 2, "change_message": "[{\"changed\": {\"fields\": [\"Image\"]}}]"}}, {"model": "admin.logentry", "pk": 81, "fields": {"action_time": "2022-01-11T18:32:08.261Z", "user": 1, "content_type": 3, "object_id": "7", "object_repr": "Monthly Bundle - Silver", "action_flag": 2, "change_message": "[{\"changed\": {\"fields\": [\"Image\"]}}]"}}, {"model": "admin.logentry", "pk": 82, "fields": {"action_time": "2022-01-11T18:32:34.957Z", "user": 1, "content_type": 3, "object_id": "9", "object_repr": "Boxing Gloves - Black", "action_flag": 2, "change_message": "[{\"changed\": {\"fields\": [\"Image\"]}}]"}}, {"model": "admin.logentry", "pk": 83, "fields": {"action_time": "2022-01-11T18:32:51.974Z", "user": 1, "content_type": 3, "object_id": "8", "object_repr": "Boxing Gloves - Red", "action_flag": 2, "change_message": "[{\"changed\": {\"fields\": [\"Image\"]}}]"}}, {"model": "admin.logentry", "pk": 84, "fields": {"action_time": "2022-01-11T18:33:09.439Z", "user": 1, "content_type": 3, "object_id": "11", "object_repr": "Handwraps - Black", "action_flag": 2, "change_message": "[{\"changed\": {\"fields\": [\"Image\"]}}]"}}, {"model": "admin.logentry", "pk": 85, "fields": {"action_time": "2022-01-11T18:33:29.353Z", "user": 1, "content_type": 3, "object_id": "10", "object_repr": "Handwraps - Red", "action_flag": 2, "change_message": "[{\"changed\": {\"fields\": [\"Image\"]}}]"}}, {"model": "admin.logentry", "pk": 86, "fields": {"action_time": "2022-01-11T18:54:46.323Z", "user": 1, "content_type": 3, "object_id": "1", "object_repr": "Yearly Bundle - Gold", "action_flag": 2, "change_message": "[{\"changed\": {\"fields\": [\"Image\"]}}]"}}, {"model": "admin.logentry", "pk": 87, "fields": {"action_time": "2022-01-12T21:04:08.010Z", "user": 1, "content_type": 3, "object_id": "10", "object_repr": "Handwraps - Red", "action_flag": 2, "change_message": "[{\"changed\": {\"fields\": [\"Image\"]}}]"}}, {"model": "admin.logentry", "pk": 88, "fields": {"action_time": "2022-01-13T21:10:24.459Z", "user": 1, "content_type": 3, "object_id": "1", "object_repr": "Yearly Bundle - Gold", "action_flag": 2, "change_message": "[{\"deleted\": {\"name\": \"product select\", \"object\": \"Age Range\"}}]"}}, {"model": "admin.logentry", "pk": 89, "fields": {"action_time": "2022-01-13T21:30:58.664Z", "user": 1, "content_type": 11, "object_id": "2", "object_repr": "Junior", "action_flag": 2, "change_message": "[{\"changed\": {\"fields\": [\"Product option\"]}}]"}}, {"model": "admin.logentry", "pk": 90, "fields": {"action_time": "2022-01-13T21:31:10.031Z", "user": 1, "content_type": 11, "object_id": "1", "object_repr": "Senior", "action_flag": 2, "change_message": "[{\"changed\": {\"fields\": [\"Product option\"]}}]"}}, {"model": "admin.logentry", "pk": 91, "fields": {"action_time": "2022-01-13T21:31:22.495Z", "user": 1, "content_type": 11, "object_id": "3", "object_repr": "L", "action_flag": 2, "change_message": "[{\"changed\": {\"fields\": [\"Product option\"]}}]"}}, {"model": "admin.logentry", "pk": 92, "fields": {"action_time": "2022-01-13T21:31:28.847Z", "user": 1, "content_type": 11, "object_id": "4", "object_repr": "S", "action_flag": 2, "change_message": "[{\"changed\": {\"fields\": [\"Product option\"]}}]"}}, {"model": "admin.logentry", "pk": 93, "fields": {"action_time": "2022-01-13T21:31:37.046Z", "user": 1, "content_type": 11, "object_id": "2", "object_repr": "J", "action_flag": 2, "change_message": "[{\"changed\": {\"fields\": [\"Product option\"]}}]"}}, {"model": "admin.logentry", "pk": 94, "fields": {"action_time": "2022-01-13T21:31:43.534Z", "user": 1, "content_type": 11, "object_id": "1", "object_repr": "S", "action_flag": 2, "change_message": "[{\"changed\": {\"fields\": [\"Product option\"]}}]"}}, {"model": "admin.logentry", "pk": 95, "fields": {"action_time": "2022-01-13T21:32:16.513Z", "user": 1, "content_type": 3, "object_id": "1", "object_repr": "Yearly Bundle - Gold", "action_flag": 2, "change_message": "[{\"added\": {\"name\": \"product select\", \"object\": \"J\"}}]"}}, {"model": "admin.logentry", "pk": 96, "fields": {"action_time": "2022-01-13T21:42:46.962Z", "user": 1, "content_type": 3, "object_id": "1", "object_repr": "Yearly Bundle - Gold", "action_flag": 2, "change_message": "[]"}}, {"model": "admin.logentry", "pk": 97, "fields": {"action_time": "2022-01-13T21:56:02.197Z", "user": 1, "content_type": 11, "object_id": "4", "object_repr": "Short", "action_flag": 2, "change_message": "[{\"changed\": {\"fields\": [\"Product option\"]}}]"}}, {"model": "admin.logentry", "pk": 98, "fields": {"action_time": "2022-01-13T21:56:09.918Z", "user": 1, "content_type": 11, "object_id": "3", "object_repr": "Long", "action_flag": 2, "change_message": "[{\"changed\": {\"fields\": [\"Product option\"]}}]"}}, {"model": "admin.logentry", "pk": 99, "fields": {"action_time": "2022-01-13T21:56:16.958Z", "user": 1, "content_type": 11, "object_id": "2", "object_repr": "Junior", "action_flag": 2, "change_message": "[{\"changed\": {\"fields\": [\"Product option\"]}}]"}}, {"model": "admin.logentry", "pk": 100, "fields": {"action_time": "2022-01-13T21:56:25.849Z", "user": 1, "content_type": 11, "object_id": "1", "object_repr": "Senior", "action_flag": 2, "change_message": "[{\"changed\": {\"fields\": [\"Product option\"]}}]"}}, {"model": "sessions.session", "pk": "1y35o03n0hw4jkzhtg7y5f7r69h4cna4", "fields": {"session_data": ".eJxVjsEOgyAQRH-l4dyYAALqrb330h8gu7CorcVE8NCY_nsx8dDuYQ4zbyezMQtrHuyaaLGjZx3j7PzrIbgnxT3wD4j9XLk55mXEakeqI03VbfY0XQ_2r2CANJRvAVobqbRxLhDxFo00oZUK6yAENWgIvQepHAgDAYPC0HjNpfE1-IKXUrcuC8VcJvWs28rQImOmV7L4tokmcnm3Lj2d7mUqsY5_yn0Bj15MTg:1n87hg:OyOA38DwMaSZP4v4_FKLmrMNOlPEkm1sS3Gjn0UNPRU", "expire_date": "2022-01-27T21:32:16.637Z"}}, {"model": "sessions.session", "pk": "52u7ht9admnwvzc4qggmiujqov5xd2h6", "fields": {"session_data": ".eJxVjs0KgzAQhN8l5yKYqFGPPRb6DGE32Wham0B-DkX67o3goZ3DHma-GXZnCkpeVUkUlTNsZi27_HoI-kn-CMwD_BIaHXyODpsDac40NfdgaLue7N_ACmmtbQ7DIEU_SK0tUTuhFNJOosfOck4jSkJjQPQauASLtkc7mqEV0nRgKl5HdYmRfK4vLWzeGT-Oy_RKCt8q0UY6H9ateBcim8Wn6guwmUuu:1n8gzW:7URcXGSQZBDfycoycIwEg-yb6xiHZswiecLPyIE8oFA", "expire_date": "2022-01-29T11:13:02.908Z"}}, {"model": "sessions.session", "pk": "fbzba4d49eo3zy5ctafrfbnpp6xevk5b", "fields": {"session_data": ".eJx1jstqwzAQRX9FzNo1tfxQ4l2yLHSVVYmDkDQj26kjgyQXQvC_V4YU2kU3s7j3zOU8QKolDnIJ5OWI0EIB2e9MK_NJbivwqlw_52Z20Y8635D82Yb8fUaajk_2z8CgwpC-uWoaUdaNMMYSFXstSmH3Za0ryznttCCNqMraKC6U1bbWdodNUQqsFCY8jZrFe3IxKfXQPpJoOmOkW5D6LgNNZOIWvUFbrWsG_J_-BG2xboC8UQiqp5D0zucOpLyG2f2kHWTsNWO8zlgHB0RC9kHKT3d2XBxOxF7YaZy-yLM4s6TUweUC6zeATm9d:1n87oX:VpZLUXbihQP19-D-5XJaoyBSkFUsUTOWdwJnridNzsA", "expire_date": "2022-01-27T21:39:21.426Z"}}, {"model": "sessions.session", "pk": "k5a73l1eus5vmqfun6i7ezppe7tjrouh", "fields": {"session_data": ".eJxVjsFqwzAQRH9F7Nk1tRxZiW_JvaecShyEpF3ZTh0ZJLkQgv-9MqTQXvYw83ZmnqD0kga1RApqRGihguKvZrT9Ir8ZeNO-n0s7-xRGU25I-XJj-TEjTacX-y9g0HHI31w3jaxFI611RNXByFq6Qy3MznFOeyPJIOpaWM2ldsYJ4_bYVLXEncaM51C7hEA-5Uk9tE_g2xkT3aMyDxVpIps26Qxtta5rHnGnGHVPMddfLh0odYuz_1U7KNh7wbgoWAdHREL2STpMD3ZaPE7E3th5nL4psDSzXNnB9QrrDzVjZN0:1n87sB:VibckrvFTNkBtq2LL4D5snk9YQ-ql-w2UsLqfZme0mI", "expire_date": "2022-01-27T21:43:07.096Z"}}, {"model": "sessions.session", "pk": "kffbb713ims5n2u5ieta4y43aolh81ql", "fields": {"session_data": "e30:1n7lJM:1laRk-UGpwSR0AfFCdcmYY6N9X21xtE8ROFpekcnd_c", "expire_date": "2022-01-26T21:37:40.240Z"}}, {"model": "sessions.session", "pk": "rysm6w1vt0namzhkln48ddx11aj8t8r2", "fields": {"session_data": ".eJxVjj1vgzAQhv-KdTNFBQJO2JKlU5duVYiss-8MJMSWsBmiiP9eI6VSu9zwft3zBIVLHNQSeFYjQQsFZH81jebGbjPoiq73ufEuzqPOt0j-ckP-6Ymn0yv7b2DAMKR2iU0jq7qRxljm4qBlJe2hqvXOliXvtWRNhFVtsJRota213VNTVJJ2SCmeRs0yz-xiQuqhfSbQdMbI96D0QwWe2MRNOvYsvhIqQ1us65pg7hwC9hwSxvncgVLX4N2v2kEm3jNR1pno4EjEJL4Z5-khToujicWb-PATiehFetzB5QLrD6WVZrQ:1n87BE:CzuxJ8BoGG3hTaiLPGSWLYwvWwnoY0zu3drsfg3lhFs", "expire_date": "2022-01-27T20:58:44.905Z"}}, {"model": "sessions.session", "pk": "ubtsuqbieyo4zcv6m196wssonhaz0t7u", "fields": {"session_data": ".eJxVjjFvgzAQhf-KdTNBBQJO2JolU6dOVYiss-8MpMSWsBmiiP9eI6VSu9zw3nfvvScoXOKglsCzGglaKCD7q2k03-w2g27oep8b7-I86nxD8pcb8g9PPJ1e7L-AAcOQvktsGlnVjTTGMhdHLStpj1Wt97Ys-aAlayKsaoOlRKttre2BmqKStEdKeAo1yzyzi2lSD-0zDU1njHwPSj9U4IlN3KRPaIt1XdOIO4eAPYdUf7l0oNQtePerdpCJt0yUdSY6eCdiEl-M8_QQp8XRxGInzn4iEb1IhR1cr7D-AGeOY-0:1n87vP:K6yxBtme7_DIqZizvGyVL1AFeH3LQAIzZp36qsnAuS4", "expire_date": "2022-01-27T21:46:27.106Z"}}, {"model": "sessions.session", "pk": "xaq1w36yihgbrcik9z0kv3r07z5rmja9", "fields": {"session_data": ".eJxVjEEOwiAQRe_C2pAAhWlduvcMZIYZpGpoUtpV491tky50-997f1MR16XEtckcR1ZXZdTldyNML6kH4CfWx6TTVJd5JH0o-qRN3yeW9-10_w4KtrLXFkMA5wOklEXMQOAgD85Tl62VnkCIGZ1PaAEzZU-552AccIe86-rzBftSOP8:1n5QWQ:y4DyQmsDbWxPlP8QB8rwlrjGAgUahiKUBGP0MAj5Dew", "expire_date": "2022-01-20T11:01:30.799Z"}}]