[{"model": "accounts.account", "pk": 1, "fields": {"password": "pbkdf2_sha256$320000$4Kv9Ucq7RUlFAjPuAo4VZ9$VQJvsRWTm8QCxHT7WkA9cCXetO5EyjvDtbDSOTQe+5Y=", "email": "david.shanahan.burns@gmail.com", "first_name": "David", "last_name": "Burns", "date_joined": "2022-01-05T12:06:32.341Z", "last_login": "2022-01-30T12:49:02.091Z", "is_admin": true, "is_active": true, "is_staff": true, "is_superuser": true}}, {"model": "accounts.account", "pk": 2, "fields": {"password": "pbkdf2_sha256$320000$HAvASiXhhXfVrThYUIywdY$PhscVzW2bIsVbxaN/8PcWOiA+9oF6UK7KiST5DlGKRA=", "email": "burnsro@tcd.ie", "first_name": "Robin", "last_name": "Burns", "date_joined": "2022-01-23T11:42:13.809Z", "last_login": "2022-01-23T11:42:13.997Z", "is_admin": false, "is_active": true, "is_staff": false, "is_superuser": false}}, {"model": "accounts.account", "pk": 3, "fields": {"password": "pbkdf2_sha256$320000$QmCAj1V8lp0L4hKf0yzqAy$4kM9Waz0ct14a5L7/gaXnO+0d4rb0F9w41JA/+DGP/g=", "email": "hazelbeattie@gmail.com", "first_name": "Hazel", "last_name": "Beattie", "date_joined": "2022-01-26T19:56:25.018Z", "last_login": "2022-01-26T19:56:25.209Z", "is_admin": false, "is_active": true, "is_staff": false, "is_superuser": false}}, {"model": "accounts.account", "pk": 4, "fields": {"password": "pbkdf2_sha256$320000$zrjPS8kYqpsqLwLDlDpPG3$CRDDwGcDsoxfrUuXoGehjLOAZbGcqQLQtxOKe8iCFJI=", "email": "zarabeattie@test.com", "first_name": "Zara", "last_name": "Beattie", "date_joined": "2022-01-27T20:11:35.596Z", "last_login": "2022-01-27T20:11:35.783Z", "is_admin": false, "is_active": true, "is_staff": false, "is_superuser": false}}, {"model": "accounts.account", "pk": 5, "fields": {"password": "pbkdf2_sha256$320000$AHPSct6A82dwc2Ur7qSIaF$cXdMEae3mwRHDl4q4o/3935NTusEJDHITgZAE/XFiyk=", "email": "dshanaha@tcd.ie", "first_name": "Ciara", "last_name": "Farrell", "date_joined": "2022-01-29T16:27:19.947Z", "last_login": "2022-01-29T16:32:57.379Z", "is_admin": false, "is_active": true, "is_staff": false, "is_superuser": false}}, {"model": "accounts.address", "pk": 1, "fields": {"user": 1, "street_address_1": "Wilberry Cottage", "street_address_2": "Killiane", "town_or_city": "Drinagh", "county": "Co. Wexford", "postcode": "Y35 K7N3", "country": "IE", "phone_number": "+353858667065"}}, {"model": "products.category", "pk": 1, "fields": {"title": "Membership", "slug": "membership", "ordering": 1}}, {"model": "products.category", "pk": 2, "fields": {"title": "Boxing Gear", "slug": "boxing-gear", "ordering": 2}}, {"model": "products.category", "pk": 3, "fields": {"title": "Apparel", "slug": "apparel", "ordering": 3}}, {"model": "products.subcategory", "pk": 1, "fields": {"parent": 1, "title": "Yearly Bundle", "slug": "yearly-bundle", "ordering": 1}}, {"model": "products.subcategory", "pk": 2, "fields": {"parent": 1, "title": "Quarterly Bundle", "slug": "quarterly-bundle", "ordering": 2}}, {"model": "products.subcategory", "pk": 3, "fields": {"parent": 1, "title": "Monthly Bundle", "slug": "monthly-bundle", "ordering": 3}}, {"model": "products.subcategory", "pk": 4, "fields": {"parent": 2, "title": "Boxing Gloves", "slug": "boxing-gloves", "ordering": 1}}, {"model": "products.subcategory", "pk": 5, "fields": {"parent": 2, "title": "Handwraps", "slug": "handwraps", "ordering": 2}}, {"model": "products.subcategory", "pk": 6, "fields": {"parent": 2, "title": "Mouthguard", "slug": "mouthguard", "ordering": 3}}, {"model": "products.subcategory", "pk": 7, "fields": {"parent": 3, "title": "Hoodies", "slug": "hoodies", "ordering": 1}}, {"model": "products.subcategory", "pk": 8, "fields": {"parent": 3, "title": "Tshirts", "slug": "tshirts", "ordering": 2}}, {"model": "products.subcategory", "pk": 9, "fields": {"parent": 3, "title": "Sweatpants", "slug": "sweatpants", "ordering": 3}}, {"model": "products.productoption", "pk": 1, "fields": {"product_option": "Senior", "option_name": "Senior - 18+"}}, {"model": "products.productoption", "pk": 2, "fields": {"product_option": "Junior", "option_name": "Junior - Under 18"}}, {"model": "products.productoption", "pk": 3, "fields": {"product_option": "Long", "option_name": "4.5m"}}, {"model": "products.productoption", "pk": 4, "fields": {"product_option": "Short", "option_name": "3m"}}, {"model": "products.productoption", "pk": 5, "fields": {"product_option": "16oz", "option_name": "16 oz"}}, {"model": "products.productoption", "pk": 6, "fields": {"product_option": "12oz", "option_name": "12 oz"}}, {"model": "products.productoption", "pk": 7, "fields": {"product_option": "S", "option_name": "Small"}}, {"model": "products.productoption", "pk": 10, "fields": {"product_option": "M", "option_name": "Medium"}}, {"model": "products.productoption", "pk": 11, "fields": {"product_option": "L", "option_name": "Large"}}, {"model": "products.product", "pk": 1, "fields": {"category": 1, "subcategory": 1, "title": "Yearly Bundle - Gold", "ordering": 1, "slug": "yearly-bundle-gold", "description": "12 month fully comprehensive membership - includes full travel expenses for club shows and sparring, 5 x family tickets for all events, and full set of club apparel and boxing gear. Great for young prospects!", "price": "300.00", "date_added": "2022-01-05T12:55:47.421Z", "image": "products/yrly-gold_iRiddTE.jpeg", "thumbnail": "products/thumbnails/yrly-gold_52beQoe.jpeg"}}, {"model": "products.product", "pk": 2, "fields": {"category": 1, "subcategory": 1, "title": "Yearly Bundle - Silver", "ordering": 1, "slug": "yearly-bundle-silver", "description": "12 month membership including club apparel and boxing gear. Hoodie, t-shirt, sweatpants, gloves, handwraps and mouthguard all included. Great for returning members!", "price": "200.00", "date_added": "2022-01-05T12:57:01.567Z", "image": "products/yrly-silver.jpeg", "thumbnail": "products/thumbnails/yrly-silver.jpeg"}}, {"model": "products.product", "pk": 3, "fields": {"category": 1, "subcategory": 1, "title": "Yearly Bundle - Bronze", "ordering": 2, "slug": "yearly-bundle-bronze", "description": "12 month membership. Club apparel and training gear must be purchased separately ahead of club shows and club sparring. Great for beginners and first timers!", "price": "100.00", "date_added": "2022-01-05T12:58:01.587Z", "image": "products/yrly-bronze.jpeg", "thumbnail": "products/thumbnails/yrly-bronze.jpeg"}}, {"model": "products.product", "pk": 4, "fields": {"category": 1, "subcategory": 2, "title": "Quarterly Bundle - Gold", "ordering": 3, "slug": "quarterly-bundle-gold", "description": "3 month membership for 36 sessions - includes technical sessions on Mondays and Wednesdays, as well as our doghouse sparring sessions on Sunday mornings.", "price": "80.00", "date_added": "2022-01-05T13:02:43.716Z", "image": "products/cup-gold.jpeg", "thumbnail": "products/thumbnails/cup-gold.jpeg"}}, {"model": "products.product", "pk": 5, "fields": {"category": 1, "subcategory": 2, "title": "Quarterly Bundle - Silver", "ordering": 3, "slug": "quarterly-bundle-silver", "description": "3 month membership for 24 sessions - includes technical sessions on Mondays and Wednesdays. This package does not include our doghouse sparring sessions on Sunday mornings.", "price": "60.00", "date_added": "2022-01-05T13:22:09.757Z", "image": "products/cup-silver.jpeg", "thumbnail": "products/thumbnails/cup-silver.jpeg"}}, {"model": "products.product", "pk": 6, "fields": {"category": 1, "subcategory": 3, "title": "Monthly Bundle - Gold", "ordering": 4, "slug": "monthly-bundle-gold", "description": "1 month membership for 12 sessions - includes technical sessions on Mondays and Wednesdays, as well as our doghouse sparring sessions on Sunday mornings.", "price": "40.00", "date_added": "2022-01-05T13:23:30.643Z", "image": "products/medal-gl.jpeg", "thumbnail": "products/thumbnails/medal-gl.jpeg"}}, {"model": "products.product", "pk": 7, "fields": {"category": 1, "subcategory": 3, "title": "Monthly Bundle - Silver", "ordering": 4, "slug": "monthly-bundle-silver", "description": "1 month membership for 8 sessions - includes technical sessions on Mondays and Wednesdays. This package does not include our doghouse sparring sessions on Sunday mornings.", "price": "20.00", "date_added": "2022-01-05T13:25:01.331Z", "image": "products/medal-sl.jpeg", "thumbnail": "products/thumbnails/medal-sl.jpeg"}}, {"model": "products.product", "pk": 8, "fields": {"category": 2, "subcategory": 4, "title": "Boxing Gloves - Red", "ordering": 5, "slug": "boxing-gloves-red", "description": "Box your way to the top in red leather gloves. Old school white lace closure. Land your hardest punches while protecting your hands. The foam mould protects and absorbs the impact.", "price": "40.00", "date_added": "2022-01-05T14:22:28.252Z", "image": "products/gloves-red.jpeg", "thumbnail": "products/thumbnails/gloves-red.jpeg"}}, {"model": "products.product", "pk": 9, "fields": {"category": 2, "subcategory": 4, "title": "Boxing Gloves - Black", "ordering": 5, "slug": "boxing-gloves-black", "description": "Box your way to the top in black leather gloves. Old school white lace closure. Land your hardest punches while protecting your hands. The foam mould protects and absorbs the impact.", "price": "40.00", "date_added": "2022-01-05T14:25:51.474Z", "image": "products/gloves-black.jpeg", "thumbnail": "products/thumbnails/gloves-black.jpeg"}}, {"model": "products.product", "pk": 10, "fields": {"category": 2, "subcategory": 5, "title": "Handwraps - Red", "ordering": 5, "slug": "handwraps-red", "description": "Protect your tools and they will protect you. Thumb lock loops, velcro fastening & hook and loop closure. Available in either 4.5 or 3 metres in length.", "price": "15.00", "date_added": "2022-01-05T14:39:18.492Z", "image": "products/handwraps-red.jpeg", "thumbnail": "products/thumbnails/handwraps-red.jpeg"}}, {"model": "products.product", "pk": 11, "fields": {"category": 2, "subcategory": 5, "title": "Handwraps - Black", "ordering": 5, "slug": "handwraps-black", "description": "Protect your tools and they will protect you. Thumb lock loops, velcro fastening & hook and loop closure. Available in either 4.5 or 3 metres in length.", "price": "15.00", "date_added": "2022-01-05T14:40:32.059Z", "image": "products/wraps-black.jpeg", "thumbnail": "products/thumbnails/wraps-black.jpeg"}}, {"model": "products.product", "pk": 12, "fields": {"category": 3, "subcategory": 7, "title": "Hoodie - Logo", "ordering": 1, "slug": "hoodie-logo", "description": "Every person who steps into the ring should be proud. Wear this hoodie to show you're not afraid of a fight, and know your purchase will help support your club. Made using cotton that's sustainably sourced.\r\n\r\nFixed hood - available in S, M, L", "price": "50.00", "date_added": "2022-01-30T17:14:05.574Z", "image": "products/hoodie.jpeg", "thumbnail": "products/thumbnails/hoodie.jpeg"}}, {"model": "products.product", "pk": 13, "fields": {"category": 3, "subcategory": 8, "title": "Tshirt - Logo", "ordering": 3, "slug": "tshirt-logo", "description": "Every person who steps into the ring should be proud. Wear this Tshirt to show you're proud of yourself and your club. Made using cotton that's sustainably sourced. \r\n\r\nCrewneck - available in S, M, L", "price": "15.00", "date_added": "2022-01-30T17:18:58.430Z", "image": "products/Tshirt.jpeg", "thumbnail": "products/thumbnails/Tshirt.jpeg"}}, {"model": "products.product", "pk": 14, "fields": {"category": 3, "subcategory": 9, "title": "Pants - Logo", "ordering": 5, "slug": "pants-logo", "description": "Every person who steps into the ring should be proud. Wear this Tshirt to show you're proud of yourself and your club. Made using cotton that's sustainably sourced. \r\n\r\nLoose fit - available in S, M, L", "price": "45.00", "date_added": "2022-01-30T17:25:58.524Z", "image": "products/sweats.jpeg", "thumbnail": "products/thumbnails/sweats.jpeg"}}, {"model": "products.product", "pk": 15, "fields": {"category": 3, "subcategory": 7, "title": "Hoodie - Text", "ordering": 2, "slug": "hoodie-text", "description": "Every person who steps into the ring should be proud. Wear this hoodie to show you're not afraid of a fight, and know your purchase will help support your club. Made using cotton that's sustainably sourced.\r\n\r\nText on breast - available in S, M, L", "price": "50.00", "date_added": "2022-01-30T17:48:14.173Z", "image": "products/HoodieB.jpeg", "thumbnail": "products/thumbnails/HoodieB.jpeg"}}, {"model": "products.product", "pk": 16, "fields": {"category": 3, "subcategory": 8, "title": "Tshirt - Text", "ordering": 4, "slug": "tshirt-text", "description": "Every person who steps into the ring should be proud. Wear this Tshirt to show you're proud of yourself and your club. Made using cotton that's sustainably sourced. \r\n\r\nText on breast - available in S, M, L", "price": "15.00", "date_added": "2022-01-30T17:50:13.277Z", "image": "products/TshirtB.jpeg", "thumbnail": "products/thumbnails/TshirtB.jpeg"}}, {"model": "products.product", "pk": 17, "fields": {"category": 3, "subcategory": 9, "title": "Pants - Text", "ordering": 6, "slug": "pants-text", "description": "Every person who steps into the ring should be proud. Wear this Tshirt to show you're proud of yourself and your club. Made using cotton that's sustainably sourced. \r\n\r\nText on left leg - available in S, M, L", "price": "45.00", "date_added": "2022-01-30T17:52:23.631Z", "image": "products/PantsB.jpeg", "thumbnail": "products/thumbnails/PantsB.jpeg"}}, {"model": "products.productselect", "pk": 1, "fields": {"product_select": 1, "product": 1, "stock_count": 10}}, {"model": "products.productselect", "pk": 2, "fields": {"product_select": 1, "product": 2, "stock_count": 5}}, {"model": "products.productselect", "pk": 3, "fields": {"product_select": 1, "product": 3, "stock_count": 5}}, {"model": "products.productselect", "pk": 4, "fields": {"product_select": 1, "product": 4, "stock_count": 5}}, {"model": "products.productselect", "pk": 5, "fields": {"product_select": 1, "product": 5, "stock_count": 5}}, {"model": "products.productselect", "pk": 6, "fields": {"product_select": 1, "product": 6, "stock_count": 8}}, {"model": "products.productselect", "pk": 7, "fields": {"product_select": 1, "product": 7, "stock_count": 8}}, {"model": "products.productselect", "pk": 9, "fields": {"product_select": 2, "product": 2, "stock_count": 14}}, {"model": "products.productselect", "pk": 10, "fields": {"product_select": 2, "product": 3, "stock_count": 15}}, {"model": "products.productselect", "pk": 11, "fields": {"product_select": 2, "product": 4, "stock_count": 9}}, {"model": "products.productselect", "pk": 12, "fields": {"product_select": 2, "product": 5, "stock_count": 15}}, {"model": "products.productselect", "pk": 13, "fields": {"product_select": 2, "product": 6, "stock_count": 15}}, {"model": "products.productselect", "pk": 14, "fields": {"product_select": 2, "product": 7, "stock_count": 15}}, {"model": "products.productselect", "pk": 15, "fields": {"product_select": 3, "product": 11, "stock_count": 15}}, {"model": "products.productselect", "pk": 16, "fields": {"product_select": 3, "product": 10, "stock_count": 15}}, {"model": "products.productselect", "pk": 17, "fields": {"product_select": 4, "product": 11, "stock_count": 10}}, {"model": "products.productselect", "pk": 18, "fields": {"product_select": 4, "product": 10, "stock_count": 15}}, {"model": "products.productselect", "pk": 19, "fields": {"product_select": 2, "product": 1, "stock_count": 1}}, {"model": "products.productselect", "pk": 22, "fields": {"product_select": 6, "product": 9, "stock_count": 15}}, {"model": "products.productselect", "pk": 24, "fields": {"product_select": 5, "product": 8, "stock_count": 15}}, {"model": "products.productselect", "pk": 25, "fields": {"product_select": 6, "product": 8, "stock_count": 15}}, {"model": "products.productselect", "pk": 26, "fields": {"product_select": 5, "product": 9, "stock_count": 15}}, {"model": "products.productselect", "pk": 27, "fields": {"product_select": 7, "product": 12, "stock_count": 15}}, {"model": "products.productselect", "pk": 28, "fields": {"product_select": 10, "product": 12, "stock_count": 15}}, {"model": "products.productselect", "pk": 29, "fields": {"product_select": 11, "product": 12, "stock_count": 15}}, {"model": "products.productselect", "pk": 30, "fields": {"product_select": 7, "product": 13, "stock_count": 15}}, {"model": "products.productselect", "pk": 31, "fields": {"product_select": 10, "product": 13, "stock_count": 15}}, {"model": "products.productselect", "pk": 32, "fields": {"product_select": 11, "product": 13, "stock_count": 15}}, {"model": "products.productselect", "pk": 33, "fields": {"product_select": 7, "product": 14, "stock_count": 15}}, {"model": "products.productselect", "pk": 34, "fields": {"product_select": 10, "product": 14, "stock_count": 15}}, {"model": "products.productselect", "pk": 35, "fields": {"product_select": 11, "product": 14, "stock_count": 15}}, {"model": "products.productselect", "pk": 36, "fields": {"product_select": 7, "product": 15, "stock_count": 15}}, {"model": "products.productselect", "pk": 37, "fields": {"product_select": 10, "product": 15, "stock_count": 15}}, {"model": "products.productselect", "pk": 38, "fields": {"product_select": 11, "product": 15, "stock_count": 15}}, {"model": "products.productselect", "pk": 39, "fields": {"product_select": 7, "product": 16, "stock_count": 15}}, {"model": "products.productselect", "pk": 40, "fields": {"product_select": 10, "product": 16, "stock_count": 15}}, {"model": "products.productselect", "pk": 41, "fields": {"product_select": 11, "product": 16, "stock_count": 15}}, {"model": "products.productselect", "pk": 42, "fields": {"product_select": 7, "product": 17, "stock_count": 15}}, {"model": "products.productselect", "pk": 43, "fields": {"product_select": 10, "product": 17, "stock_count": 15}}, {"model": "products.productselect", "pk": 44, "fields": {"product_select": 11, "product": 17, "stock_count": 15}}, {"model": "products.rating", "pk": 1, "fields": {"user_id": 1, "product": 1, "rating": 80, "date_added": "2022-01-23T11:02:40.359Z"}}, {"model": "products.rating", "pk": 2, "fields": {"user_id": 1, "product": 2, "rating": 80, "date_added": "2022-01-23T11:03:00.218Z"}}, {"model": "products.rating", "pk": 3, "fields": {"user_id": 1, "product": 3, "rating": 80, "date_added": "2022-01-23T11:03:12.108Z"}}, {"model": "products.rating", "pk": 4, "fields": {"user_id": 1, "product": 6, "rating": 80, "date_added": "2022-01-23T11:03:25.869Z"}}, {"model": "products.rating", "pk": 5, "fields": {"user_id": 1, "product": 5, "rating": 80, "date_added": "2022-01-23T11:03:37.405Z"}}, {"model": "products.rating", "pk": 6, "fields": {"user_id": 1, "product": 6, "rating": 80, "date_added": "2022-01-23T11:03:54.119Z"}}, {"model": "products.rating", "pk": 7, "fields": {"user_id": 1, "product": 7, "rating": 60, "date_added": "2022-01-23T11:04:04.300Z"}}, {"model": "products.rating", "pk": 8, "fields": {"user_id": 1, "product": 9, "rating": 100, "date_added": "2022-01-23T11:04:14.145Z"}}, {"model": "products.rating", "pk": 9, "fields": {"user_id": 1, "product": 8, "rating": 100, "date_added": "2022-01-23T11:04:23.439Z"}}, {"model": "products.rating", "pk": 10, "fields": {"user_id": 1, "product": 11, "rating": 80, "date_added": "2022-01-23T11:04:33.354Z"}}, {"model": "products.rating", "pk": 11, "fields": {"user_id": 1, "product": 10, "rating": 80, "date_added": "2022-01-23T11:04:41.238Z"}}, {"model": "products.rating", "pk": 12, "fields": {"user_id": 2, "product": 1, "rating": 100, "date_added": "2022-01-23T12:00:02.816Z"}}, {"model": "products.rating", "pk": 13, "fields": {"user_id": 2, "product": 4, "rating": 80, "date_added": "2022-01-23T17:45:31.262Z"}}, {"model": "products.rating", "pk": 14, "fields": {"user_id": 3, "product": 1, "rating": 80, "date_added": "2022-01-26T19:56:35.907Z"}}, {"model": "checkout.order", "pk": 7, "fields": {"user": null, "order_number": "B6A1AD9AA0D941CAAE1F76D60CE282E2", "first_name": "David", "last_name": "Burns", "email": "dshanaha@tcd.ie", "phone_number": "+353851686169", "country": "IE", "postcode": "D08 H9KV", "town_or_city": "Dublin 8", "street_address1": "84 New Row Square", "street_address2": "New Row South", "county": "Dublin", "date": "2022-01-29", "delivery_cost": "0.00", "order_total": "160.00", "grand_total": "160.00", "original_bag": "{\"4\": {\"items_by_select\": {\"Junior\": 2}}}", "stripe_pid": "pi_3KNL8nAqnyfoiXGo1DGzEfRX"}}, {"model": "checkout.order", "pk": 8, "fields": {"user": null, "order_number": "488D4DCC41F64488B6E8682137CDD18E", "first_name": "David", "last_name": "Burns", "email": "dshanaha@tcd.ie", "phone_number": "+353851686169", "country": "IE", "postcode": "D08 H9KV", "town_or_city": "Dublin 8", "street_address1": "84 New Row Square", "street_address2": "New Row South", "county": "Dublin", "date": "2022-01-29", "delivery_cost": "0.00", "order_total": "160.00", "grand_total": "160.00", "original_bag": "{\"4\": {\"items_by_select\": {\"Junior\": 2}}}", "stripe_pid": "pi_3KNL8nAqnyfoiXGo1DGzEfRX"}}, {"model": "checkout.order", "pk": 9, "fields": {"user": null, "order_number": "8EBCC2222552451398255EA8A4D858BE", "first_name": "David", "last_name": "Burns", "email": "dshanaha@tcd.ie", "phone_number": "+353851686169", "country": "IE", "postcode": "D08 H9KV", "town_or_city": "Dublin 8", "street_address1": "84 New Row Square", "street_address2": "New Row South", "county": "Dublin", "date": "2022-01-29", "delivery_cost": "0.00", "order_total": "160.00", "grand_total": "160.00", "original_bag": "{\"4\": {\"items_by_select\": {\"Junior\": 2}}}", "stripe_pid": "pi_3KNL8nAqnyfoiXGo1DGzEfRX"}}, {"model": "checkout.order", "pk": 10, "fields": {"user": null, "order_number": "0BE02DEFF4AA466487FEDE53D0C075E4", "first_name": "David", "last_name": "Burns", "email": "david.shanahan.burns@gmail.com", "phone_number": "+353858667065", "country": "IE", "postcode": "Y35 K7N3", "town_or_city": "Drinagh", "street_address1": "Wilberry Cottage", "street_address2": "Killiane", "county": "Co. Wexford", "date": "2022-01-29", "delivery_cost": "3.00", "order_total": "15.00", "grand_total": "18.00", "original_bag": "{\"11\": {\"items_by_select\": {\"Short\": 1}}}", "stripe_pid": "pi_3KNLDrAqnyfoiXGo0jOb9Fhj"}}, {"model": "checkout.order", "pk": 11, "fields": {"user": null, "order_number": "3AE220235E274F889B5AFE3B0D72368C", "first_name": "David", "last_name": "Burns", "email": "david.shanahan.burns@gmail.com", "phone_number": "+353858667065", "country": "IE", "postcode": "Y35 K7N3", "town_or_city": "Drinagh", "street_address1": "Wilberry Cottage", "street_address2": "Killiane", "county": "Co. Wexford", "date": "2022-01-29", "delivery_cost": "6.00", "order_total": "30.00", "grand_total": "36.00", "original_bag": "{\"11\": {\"items_by_select\": {\"Short\": 2}}}", "stripe_pid": "pi_3KNLGWAqnyfoiXGo026Vkn2m"}}, {"model": "checkout.order", "pk": 12, "fields": {"user": null, "order_number": "50A9004A81B349ECA89382290932996A", "first_name": "David", "last_name": "Burns", "email": "dburns@materfoundation.ie", "phone_number": "+353851686169", "country": "IE", "postcode": "D08 H9KV", "town_or_city": "Dublin 8", "street_address1": "84 New Row Square", "street_address2": "New Row South", "county": "Dublin", "date": "2022-01-29", "delivery_cost": "0.00", "order_total": "230.00", "grand_total": "230.00", "original_bag": "{\"11\": {\"items_by_select\": {\"Short\": 2}}, \"2\": {\"items_by_select\": {\"Junior\": 1}}}", "stripe_pid": "pi_3KNLMdAqnyfoiXGo1hhhVEWs"}}, {"model": "checkout.orderlineitem", "pk": 7, "fields": {"order": 7, "product": 4, "product_select": "Junior", "quantity": 2, "lineitem_total": "160.00"}}, {"model": "checkout.orderlineitem", "pk": 8, "fields": {"order": 8, "product": 4, "product_select": "Junior", "quantity": 2, "lineitem_total": "160.00"}}, {"model": "checkout.orderlineitem", "pk": 9, "fields": {"order": 9, "product": 4, "product_select": "Junior", "quantity": 2, "lineitem_total": "160.00"}}, {"model": "checkout.orderlineitem", "pk": 10, "fields": {"order": 10, "product": 11, "product_select": "Short", "quantity": 1, "lineitem_total": "15.00"}}, {"model": "checkout.orderlineitem", "pk": 11, "fields": {"order": 11, "product": 11, "product_select": "Short", "quantity": 2, "lineitem_total": "30.00"}}, {"model": "checkout.orderlineitem", "pk": 12, "fields": {"order": 12, "product": 11, "product_select": "Short", "quantity": 2, "lineitem_total": "30.00"}}, {"model": "checkout.orderlineitem", "pk": 13, "fields": {"order": 12, "product": 2, "product_select": "Junior", "quantity": 1, "lineitem_total": "200.00"}}, {"model": "pages.faq", "pk": 1, "fields": {"question": "Is the club open to all levels?", "answer": "Yes, it's completely open. We have always had a mix of complete novice boxers, and experienced amateur boxers. But you will expected to work hard to bring up your level, and compete to gain experience. This is an amateur boxing academy. It's not suitable for people who want to train boxing only for fitness."}}, {"model": "pages.faq", "pk": 2, "fields": {"question": "Is the club open to all sexes?", "answer": "Yes absolutely. We have male and female members at the club, of all levels and weights. You will be matched by your sex, level and weight when it comes to sparring. But otherwise we all train together, and support each other at fights."}}, {"model": "pages.faq", "pk": 3, "fields": {"question": "How often a week is training?", "answer": "Training is every Monday, Thursday and Sunday. On the weekdays, we train from 7pm to 9pm. But on Sunday, we train from 11am - 1pm. Boxers must arrive 15 minutes before training, and train for the full duration."}}, {"model": "pages.faq", "pk": 4, "fields": {"question": "What do we need to bring to training?", "answer": "You must bring a boxing top, boxing shorts, a mouthguard, headguard, groin shield, handwraps and gloves; 16oz is mandatory for sparring and 12oz is optional for the bags. You can get most of these items in our ecommerce shop on this website."}}, {"model": "pages.faq", "pk": 5, "fields": {"question": "Do we have to spar in training?", "answer": "Yes, every training session includes sparring in the ring. Sparring is mandatory. It is also strictly refereed by a coach to ensure the safety of both fighters at all times.And you will not be paired with someone who is more experienced, or in a higher weight category."}}, {"model": "pages.faq", "pk": 6, "fields": {"question": "How much is membership?", "answer": "You can see all of our membership options and categories in our ecommerce store. Membership is separated into yearly, quarterly and monthly categories, and gold and silver levels. We have capacity for 35 members in any season, so spots are limited!"}}, {"model": "pages.faq", "pk": 7, "fields": {"question": "How much is boxing gear?", "answer": "This question depends on where you shop. But you'll find boxing gear in our ecommerce shop on this website which is priced at benchmark level. We'd ask you to support the club by buying from us. You can find cheaper gear elsewhere, but we guarantee the quality of our gear, and it will help support our facilities and events."}}, {"model": "admin.logentry", "pk": 1, "fields": {"action_time": "2022-01-05T12:48:55.292Z", "user": 1, "content_type": 2, "object_id": "1", "object_repr": "Membership", "action_flag": 1, "change_message": "[{\"added\": {}}]"}}, {"model": "admin.logentry", "pk": 2, "fields": {"action_time": "2022-01-05T12:49:13.402Z", "user": 1, "content_type": 2, "object_id": "2", "object_repr": "Boxing Gear", "action_flag": 1, "change_message": "[{\"added\": {}}]"}}, {"model": "admin.logentry", "pk": 3, "fields": {"action_time": "2022-01-05T12:50:00.509Z", "user": 1, "content_type": 2, "object_id": "2", "object_repr": "Gear", "action_flag": 2, "change_message": "[{\"changed\": {\"fields\": [\"Title\", \"Slug\"]}}]"}}, {"model": "admin.logentry", "pk": 4, "fields": {"action_time": "2022-01-05T12:50:18.481Z", "user": 1, "content_type": 2, "object_id": "2", "object_repr": "Boxing Gear", "action_flag": 2, "change_message": "[{\"changed\": {\"fields\": [\"Title\", \"Slug\"]}}]"}}, {"model": "admin.logentry", "pk": 5, "fields": {"action_time": "2022-01-05T12:50:36.232Z", "user": 1, "content_type": 2, "object_id": "3", "object_repr": "Apparel", "action_flag": 1, "change_message": "[{\"added\": {}}]"}}, {"model": "admin.logentry", "pk": 6, "fields": {"action_time": "2022-01-05T12:52:00.855Z", "user": 1, "content_type": 4, "object_id": "6", "object_repr": "Mouthguard", "action_flag": 2, "change_message": "[]"}}, {"model": "admin.logentry", "pk": 7, "fields": {"action_time": "2022-01-05T12:55:47.423Z", "user": 1, "content_type": 3, "object_id": "1", "object_repr": "Yearly Bundle - Gold", "action_flag": 1, "change_message": "[{\"added\": {}}]"}}, {"model": "admin.logentry", "pk": 8, "fields": {"action_time": "2022-01-05T12:57:01.568Z", "user": 1, "content_type": 3, "object_id": "2", "object_repr": "Yearly Bundle - Silver", "action_flag": 1, "change_message": "[{\"added\": {}}]"}}, {"model": "admin.logentry", "pk": 9, "fields": {"action_time": "2022-01-05T12:58:01.589Z", "user": 1, "content_type": 3, "object_id": "3", "object_repr": "Yearly Bundle - Bronze", "action_flag": 1, "change_message": "[{\"added\": {}}]"}}, {"model": "admin.logentry", "pk": 10, "fields": {"action_time": "2022-01-05T13:02:43.718Z", "user": 1, "content_type": 3, "object_id": "4", "object_repr": "Quarterly Bundle - Gold", "action_flag": 1, "change_message": "[{\"added\": {}}]"}}, {"model": "admin.logentry", "pk": 11, "fields": {"action_time": "2022-01-05T13:02:54.496Z", "user": 1, "content_type": 3, "object_id": "4", "object_repr": "Quarterly Bundle - Gold", "action_flag": 2, "change_message": "[]"}}, {"model": "admin.logentry", "pk": 12, "fields": {"action_time": "2022-01-05T13:03:17.123Z", "user": 1, "content_type": 3, "object_id": "4", "object_repr": "Quarterly Bundle - Gold", "action_flag": 2, "change_message": "[{\"changed\": {\"fields\": [\"Image\"]}}]"}}, {"model": "admin.logentry", "pk": 13, "fields": {"action_time": "2022-01-05T13:03:46.064Z", "user": 1, "content_type": 3, "object_id": "4", "object_repr": "Quarterly Bundle - Gold", "action_flag": 2, "change_message": "[{\"changed\": {\"fields\": [\"Image\"]}}]"}}, {"model": "admin.logentry", "pk": 14, "fields": {"action_time": "2022-01-05T13:21:03.744Z", "user": 1, "content_type": 3, "object_id": "4", "object_repr": "Quarterly Bundle - Gold", "action_flag": 2, "change_message": "[{\"changed\": {\"fields\": [\"Image\"]}}]"}}, {"model": "admin.logentry", "pk": 15, "fields": {"action_time": "2022-01-05T13:22:09.759Z", "user": 1, "content_type": 3, "object_id": "5", "object_repr": "Quarterly Bundle - Silver", "action_flag": 1, "change_message": "[{\"added\": {}}]"}}, {"model": "admin.logentry", "pk": 16, "fields": {"action_time": "2022-01-05T13:23:30.645Z", "user": 1, "content_type": 3, "object_id": "6", "object_repr": "Monthly Bundle - Gold", "action_flag": 1, "change_message": "[{\"added\": {}}]"}}, {"model": "admin.logentry", "pk": 17, "fields": {"action_time": "2022-01-05T13:24:06.581Z", "user": 1, "content_type": 3, "object_id": "6", "object_repr": "Monthly Bundle - Gold", "action_flag": 2, "change_message": "[{\"changed\": {\"fields\": [\"Ordering\"]}}]"}}, {"model": "admin.logentry", "pk": 18, "fields": {"action_time": "2022-01-05T13:25:01.332Z", "user": 1, "content_type": 3, "object_id": "7", "object_repr": "Monthly Bundle - Silver", "action_flag": 1, "change_message": "[{\"added\": {}}]"}}, {"model": "admin.logentry", "pk": 19, "fields": {"action_time": "2022-01-05T13:26:02.608Z", "user": 1, "content_type": 11, "object_id": "1", "object_repr": "Senior", "action_flag": 1, "change_message": "[{\"added\": {}}, {\"added\": {\"name\": \"product select\", \"object\": \"Senior\"}}]"}}, {"model": "admin.logentry", "pk": 20, "fields": {"action_time": "2022-01-05T13:27:22.729Z", "user": 1, "content_type": 11, "object_id": "1", "object_repr": "Age Range", "action_flag": 2, "change_message": "[{\"changed\": {\"fields\": [\"Product option\", \"Option name\"]}}]"}}, {"model": "admin.logentry", "pk": 21, "fields": {"action_time": "2022-01-05T13:27:35.390Z", "user": 1, "content_type": 11, "object_id": "1", "object_repr": "Age Range", "action_flag": 2, "change_message": "[]"}}, {"model": "admin.logentry", "pk": 22, "fields": {"action_time": "2022-01-05T13:28:21.305Z", "user": 1, "content_type": 11, "object_id": "2", "object_repr": "Age Range", "action_flag": 1, "change_message": "[{\"added\": {}}]"}}, {"model": "admin.logentry", "pk": 23, "fields": {"action_time": "2022-01-05T13:30:21.241Z", "user": 1, "content_type": 11, "object_id": "1", "object_repr": "Age Range", "action_flag": 2, "change_message": "[{\"added\": {\"name\": \"product select\", \"object\": \"Age Range\"}}, {\"added\": {\"name\": \"product select\", \"object\": \"Age Range\"}}, {\"added\": {\"name\": \"product select\", \"object\": \"Age Range\"}}, {\"added\": {\"name\": \"product select\", \"object\": \"Age Range\"}}, {\"added\": {\"name\": \"product select\", \"object\": \"Age Range\"}}, {\"added\": {\"name\": \"product select\", \"object\": \"Age Range\"}}]"}}, {"model": "admin.logentry", "pk": 24, "fields": {"action_time": "2022-01-05T13:30:51.509Z", "user": 1, "content_type": 11, "object_id": "2", "object_repr": "Age Range", "action_flag": 2, "change_message": "[{\"added\": {\"name\": \"product select\", \"object\": \"Age Range\"}}, {\"added\": {\"name\": \"product select\", \"object\": \"Age Range\"}}, {\"added\": {\"name\": \"product select\", \"object\": \"Age Range\"}}, {\"added\": {\"name\": \"product select\", \"object\": \"Age Range\"}}, {\"added\": {\"name\": \"product select\", \"object\": \"Age Range\"}}, {\"added\": {\"name\": \"product select\", \"object\": \"Age Range\"}}, {\"added\": {\"name\": \"product select\", \"object\": \"Age Range\"}}]"}}, {"model": "admin.logentry", "pk": 25, "fields": {"action_time": "2022-01-05T14:22:28.261Z", "user": 1, "content_type": 3, "object_id": "8", "object_repr": "Boxing Gloves - Red", "action_flag": 1, "change_message": "[{\"added\": {}}]"}}, {"model": "admin.logentry", "pk": 26, "fields": {"action_time": "2022-01-05T14:22:50.523Z", "user": 1, "content_type": 3, "object_id": "8", "object_repr": "Boxing Gloves - Red", "action_flag": 2, "change_message": "[{\"changed\": {\"fields\": [\"Ordering\"]}}]"}}, {"model": "admin.logentry", "pk": 27, "fields": {"action_time": "2022-01-05T14:22:59.135Z", "user": 1, "content_type": 3, "object_id": "6", "object_repr": "Monthly Bundle - Gold", "action_flag": 2, "change_message": "[]"}}, {"model": "admin.logentry", "pk": 28, "fields": {"action_time": "2022-01-05T14:23:05.551Z", "user": 1, "content_type": 3, "object_id": "8", "object_repr": "Boxing Gloves - Red", "action_flag": 2, "change_message": "[{\"changed\": {\"fields\": [\"Ordering\"]}}]"}}, {"model": "admin.logentry", "pk": 29, "fields": {"action_time": "2022-01-05T14:25:51.476Z", "user": 1, "content_type": 3, "object_id": "9", "object_repr": "Boxing Gloves - Black", "action_flag": 1, "change_message": "[{\"added\": {}}]"}}, {"model": "admin.logentry", "pk": 30, "fields": {"action_time": "2022-01-05T14:26:07.812Z", "user": 1, "content_type": 3, "object_id": "9", "object_repr": "Boxing Gloves - Black", "action_flag": 2, "change_message": "[{\"changed\": {\"fields\": [\"Description\"]}}]"}}, {"model": "admin.logentry", "pk": 31, "fields": {"action_time": "2022-01-05T14:39:18.494Z", "user": 1, "content_type": 3, "object_id": "10", "object_repr": "Handwraps - Red", "action_flag": 1, "change_message": "[{\"added\": {}}]"}}, {"model": "admin.logentry", "pk": 32, "fields": {"action_time": "2022-01-05T14:39:35.243Z", "user": 1, "content_type": 3, "object_id": "10", "object_repr": "Handwraps - Red", "action_flag": 2, "change_message": "[]"}}, {"model": "admin.logentry", "pk": 33, "fields": {"action_time": "2022-01-05T14:40:32.060Z", "user": 1, "content_type": 3, "object_id": "11", "object_repr": "Handwraps - Black", "action_flag": 1, "change_message": "[{\"added\": {}}]"}}, {"model": "admin.logentry", "pk": 34, "fields": {"action_time": "2022-01-05T14:40:40.807Z", "user": 1, "content_type": 3, "object_id": "10", "object_repr": "Handwraps - Red", "action_flag": 2, "change_message": "[]"}}, {"model": "admin.logentry", "pk": 35, "fields": {"action_time": "2022-01-05T14:40:49.133Z", "user": 1, "content_type": 3, "object_id": "11", "object_repr": "Handwraps - Black", "action_flag": 2, "change_message": "[{\"changed\": {\"fields\": [\"Description\"]}}]"}}, {"model": "admin.logentry", "pk": 36, "fields": {"action_time": "2022-01-05T14:41:46.244Z", "user": 1, "content_type": 11, "object_id": "3", "object_repr": "Length", "action_flag": 1, "change_message": "[{\"added\": {}}, {\"added\": {\"name\": \"product select\", \"object\": \"Length\"}}, {\"added\": {\"name\": \"product select\", \"object\": \"Length\"}}]"}}, {"model": "admin.logentry", "pk": 37, "fields": {"action_time": "2022-01-05T14:42:19.261Z", "user": 1, "content_type": 11, "object_id": "4", "object_repr": "Length", "action_flag": 1, "change_message": "[{\"added\": {}}, {\"added\": {\"name\": \"product select\", \"object\": \"Length\"}}, {\"added\": {\"name\": \"product select\", \"object\": \"Length\"}}]"}}, {"model": "admin.logentry", "pk": 38, "fields": {"action_time": "2022-01-06T10:38:44.237Z", "user": 1, "content_type": 3, "object_id": "1", "object_repr": "Yearly Bundle - Gold", "action_flag": 2, "change_message": "[{\"changed\": {\"fields\": [\"Image\"]}}]"}}, {"model": "admin.logentry", "pk": 39, "fields": {"action_time": "2022-01-06T10:40:39.259Z", "user": 1, "content_type": 3, "object_id": "1", "object_repr": "Yearly Bundle - Gold", "action_flag": 2, "change_message": "[{\"changed\": {\"fields\": [\"Image\"]}}]"}}, {"model": "admin.logentry", "pk": 40, "fields": {"action_time": "2022-01-06T10:43:07.799Z", "user": 1, "content_type": 3, "object_id": "1", "object_repr": "Yearly Bundle - Gold", "action_flag": 2, "change_message": "[{\"changed\": {\"fields\": [\"Image\"]}}]"}}, {"model": "admin.logentry", "pk": 41, "fields": {"action_time": "2022-01-06T10:43:23.692Z", "user": 1, "content_type": 3, "object_id": "2", "object_repr": "Yearly Bundle - Silver", "action_flag": 2, "change_message": "[{\"changed\": {\"fields\": [\"Image\"]}}]"}}, {"model": "admin.logentry", "pk": 42, "fields": {"action_time": "2022-01-06T10:43:55.875Z", "user": 1, "content_type": 3, "object_id": "3", "object_repr": "Yearly Bundle - Bronze", "action_flag": 2, "change_message": "[{\"changed\": {\"fields\": [\"Image\"]}}]"}}, {"model": "admin.logentry", "pk": 43, "fields": {"action_time": "2022-01-06T10:44:20.509Z", "user": 1, "content_type": 3, "object_id": "4", "object_repr": "Quarterly Bundle - Gold", "action_flag": 2, "change_message": "[{\"changed\": {\"fields\": [\"Image\"]}}]"}}, {"model": "admin.logentry", "pk": 44, "fields": {"action_time": "2022-01-06T10:44:35.329Z", "user": 1, "content_type": 3, "object_id": "5", "object_repr": "Quarterly Bundle - Silver", "action_flag": 2, "change_message": "[{\"changed\": {\"fields\": [\"Image\"]}}]"}}, {"model": "admin.logentry", "pk": 45, "fields": {"action_time": "2022-01-06T10:44:54.056Z", "user": 1, "content_type": 3, "object_id": "6", "object_repr": "Monthly Bundle - Gold", "action_flag": 2, "change_message": "[{\"changed\": {\"fields\": [\"Image\"]}}]"}}, {"model": "admin.logentry", "pk": 46, "fields": {"action_time": "2022-01-06T10:45:11.159Z", "user": 1, "content_type": 3, "object_id": "7", "object_repr": "Monthly Bundle - Silver", "action_flag": 2, "change_message": "[{\"changed\": {\"fields\": [\"Image\"]}}]"}}, {"model": "admin.logentry", "pk": 47, "fields": {"action_time": "2022-01-06T10:45:35.940Z", "user": 1, "content_type": 3, "object_id": "9", "object_repr": "Boxing Gloves - Black", "action_flag": 2, "change_message": "[{\"changed\": {\"fields\": [\"Image\"]}}]"}}, {"model": "admin.logentry", "pk": 48, "fields": {"action_time": "2022-01-06T10:45:56.479Z", "user": 1, "content_type": 3, "object_id": "8", "object_repr": "Boxing Gloves - Red", "action_flag": 2, "change_message": "[{\"changed\": {\"fields\": [\"Image\"]}}]"}}, {"model": "admin.logentry", "pk": 49, "fields": {"action_time": "2022-01-06T10:46:13.708Z", "user": 1, "content_type": 3, "object_id": "11", "object_repr": "Handwraps - Black", "action_flag": 2, "change_message": "[{\"changed\": {\"fields\": [\"Image\"]}}]"}}, {"model": "admin.logentry", "pk": 50, "fields": {"action_time": "2022-01-06T10:46:31.491Z", "user": 1, "content_type": 3, "object_id": "10", "object_repr": "Handwraps - Red", "action_flag": 2, "change_message": "[{\"changed\": {\"fields\": [\"Image\"]}}]"}}, {"model": "admin.logentry", "pk": 51, "fields": {"action_time": "2022-01-06T10:48:23.337Z", "user": 1, "content_type": 3, "object_id": "1", "object_repr": "Yearly Bundle - Gold", "action_flag": 2, "change_message": "[{\"changed\": {\"fields\": [\"Image\"]}}]"}}, {"model": "admin.logentry", "pk": 52, "fields": {"action_time": "2022-01-06T10:48:40.792Z", "user": 1, "content_type": 3, "object_id": "2", "object_repr": "Yearly Bundle - Silver", "action_flag": 2, "change_message": "[{\"changed\": {\"fields\": [\"Image\"]}}]"}}, {"model": "admin.logentry", "pk": 53, "fields": {"action_time": "2022-01-06T10:48:54.700Z", "user": 1, "content_type": 3, "object_id": "3", "object_repr": "Yearly Bundle - Bronze", "action_flag": 2, "change_message": "[{\"changed\": {\"fields\": [\"Image\"]}}]"}}, {"model": "admin.logentry", "pk": 54, "fields": {"action_time": "2022-01-06T10:49:09.823Z", "user": 1, "content_type": 3, "object_id": "4", "object_repr": "Quarterly Bundle - Gold", "action_flag": 2, "change_message": "[{\"changed\": {\"fields\": [\"Image\"]}}]"}}, {"model": "admin.logentry", "pk": 55, "fields": {"action_time": "2022-01-06T10:49:27.490Z", "user": 1, "content_type": 3, "object_id": "5", "object_repr": "Quarterly Bundle - Silver", "action_flag": 2, "change_message": "[{\"changed\": {\"fields\": [\"Image\"]}}]"}}, {"model": "admin.logentry", "pk": 56, "fields": {"action_time": "2022-01-06T10:49:44.284Z", "user": 1, "content_type": 3, "object_id": "6", "object_repr": "Monthly Bundle - Gold", "action_flag": 2, "change_message": "[{\"changed\": {\"fields\": [\"Image\"]}}]"}}, {"model": "admin.logentry", "pk": 57, "fields": {"action_time": "2022-01-06T10:50:00.467Z", "user": 1, "content_type": 3, "object_id": "7", "object_repr": "Monthly Bundle - Silver", "action_flag": 2, "change_message": "[{\"changed\": {\"fields\": [\"Image\"]}}]"}}, {"model": "admin.logentry", "pk": 58, "fields": {"action_time": "2022-01-06T10:50:24.831Z", "user": 1, "content_type": 3, "object_id": "9", "object_repr": "Boxing Gloves - Black", "action_flag": 2, "change_message": "[{\"changed\": {\"fields\": [\"Image\"]}}]"}}, {"model": "admin.logentry", "pk": 59, "fields": {"action_time": "2022-01-06T10:50:41.501Z", "user": 1, "content_type": 3, "object_id": "8", "object_repr": "Boxing Gloves - Red", "action_flag": 2, "change_message": "[{\"changed\": {\"fields\": [\"Image\"]}}]"}}, {"model": "admin.logentry", "pk": 60, "fields": {"action_time": "2022-01-06T10:50:58.871Z", "user": 1, "content_type": 3, "object_id": "11", "object_repr": "Handwraps - Black", "action_flag": 2, "change_message": "[{\"changed\": {\"fields\": [\"Image\"]}}]"}}, {"model": "admin.logentry", "pk": 61, "fields": {"action_time": "2022-01-06T10:51:15.767Z", "user": 1, "content_type": 3, "object_id": "10", "object_repr": "Handwraps - Red", "action_flag": 2, "change_message": "[{\"changed\": {\"fields\": [\"Image\"]}}]"}}, {"model": "admin.logentry", "pk": 62, "fields": {"action_time": "2022-01-06T10:53:30.890Z", "user": 1, "content_type": 3, "object_id": "1", "object_repr": "Yearly Bundle - Gold", "action_flag": 2, "change_message": "[{\"changed\": {\"fields\": [\"Image\"]}}]"}}, {"model": "admin.logentry", "pk": 63, "fields": {"action_time": "2022-01-06T10:54:56.278Z", "user": 1, "content_type": 3, "object_id": "1", "object_repr": "Yearly Bundle - Gold", "action_flag": 2, "change_message": "[{\"changed\": {\"fields\": [\"Image\"]}}]"}}, {"model": "admin.logentry", "pk": 64, "fields": {"action_time": "2022-01-06T10:55:21.775Z", "user": 1, "content_type": 3, "object_id": "2", "object_repr": "Yearly Bundle - Silver", "action_flag": 2, "change_message": "[{\"changed\": {\"fields\": [\"Image\"]}}]"}}, {"model": "admin.logentry", "pk": 65, "fields": {"action_time": "2022-01-06T10:55:36.209Z", "user": 1, "content_type": 3, "object_id": "3", "object_repr": "Yearly Bundle - Bronze", "action_flag": 2, "change_message": "[{\"changed\": {\"fields\": [\"Image\"]}}]"}}, {"model": "admin.logentry", "pk": 66, "fields": {"action_time": "2022-01-06T10:55:50.334Z", "user": 1, "content_type": 3, "object_id": "4", "object_repr": "Quarterly Bundle - Gold", "action_flag": 2, "change_message": "[{\"changed\": {\"fields\": [\"Image\"]}}]"}}, {"model": "admin.logentry", "pk": 67, "fields": {"action_time": "2022-01-06T10:56:05.945Z", "user": 1, "content_type": 3, "object_id": "5", "object_repr": "Quarterly Bundle - Silver", "action_flag": 2, "change_message": "[{\"changed\": {\"fields\": [\"Image\"]}}]"}}, {"model": "admin.logentry", "pk": 68, "fields": {"action_time": "2022-01-06T10:56:26.087Z", "user": 1, "content_type": 3, "object_id": "6", "object_repr": "Monthly Bundle - Gold", "action_flag": 2, "change_message": "[{\"changed\": {\"fields\": [\"Image\"]}}]"}}, {"model": "admin.logentry", "pk": 69, "fields": {"action_time": "2022-01-06T10:56:41.412Z", "user": 1, "content_type": 3, "object_id": "7", "object_repr": "Monthly Bundle - Silver", "action_flag": 2, "change_message": "[{\"changed\": {\"fields\": [\"Image\"]}}]"}}, {"model": "admin.logentry", "pk": 70, "fields": {"action_time": "2022-01-06T10:57:10.225Z", "user": 1, "content_type": 3, "object_id": "9", "object_repr": "Boxing Gloves - Black", "action_flag": 2, "change_message": "[{\"changed\": {\"fields\": [\"Image\"]}}]"}}, {"model": "admin.logentry", "pk": 71, "fields": {"action_time": "2022-01-06T10:57:27.005Z", "user": 1, "content_type": 3, "object_id": "8", "object_repr": "Boxing Gloves - Red", "action_flag": 2, "change_message": "[{\"changed\": {\"fields\": [\"Image\"]}}]"}}, {"model": "admin.logentry", "pk": 72, "fields": {"action_time": "2022-01-06T10:57:45.780Z", "user": 1, "content_type": 3, "object_id": "11", "object_repr": "Handwraps - Black", "action_flag": 2, "change_message": "[{\"changed\": {\"fields\": [\"Image\"]}}]"}}, {"model": "admin.logentry", "pk": 73, "fields": {"action_time": "2022-01-06T10:58:01.707Z", "user": 1, "content_type": 3, "object_id": "10", "object_repr": "Handwraps - Red", "action_flag": 2, "change_message": "[{\"changed\": {\"fields\": [\"Image\"]}}]"}}, {"model": "admin.logentry", "pk": 74, "fields": {"action_time": "2022-01-06T11:01:30.682Z", "user": 1, "content_type": 3, "object_id": "1", "object_repr": "Yearly Bundle - Gold", "action_flag": 2, "change_message": "[{\"changed\": {\"fields\": [\"Image\"]}}]"}}, {"model": "admin.logentry", "pk": 75, "fields": {"action_time": "2022-01-11T18:25:17.045Z", "user": 1, "content_type": 3, "object_id": "1", "object_repr": "Yearly Bundle - Gold", "action_flag": 2, "change_message": "[{\"changed\": {\"fields\": [\"Image\"]}}]"}}, {"model": "admin.logentry", "pk": 76, "fields": {"action_time": "2022-01-11T18:30:00.400Z", "user": 1, "content_type": 3, "object_id": "2", "object_repr": "Yearly Bundle - Silver", "action_flag": 2, "change_message": "[{\"changed\": {\"fields\": [\"Image\"]}}]"}}, {"model": "admin.logentry", "pk": 77, "fields": {"action_time": "2022-01-11T18:30:15.936Z", "user": 1, "content_type": 3, "object_id": "3", "object_repr": "Yearly Bundle - Bronze", "action_flag": 2, "change_message": "[{\"changed\": {\"fields\": [\"Image\"]}}]"}}, {"model": "admin.logentry", "pk": 78, "fields": {"action_time": "2022-01-11T18:30:52.820Z", "user": 1, "content_type": 3, "object_id": "4", "object_repr": "Quarterly Bundle - Gold", "action_flag": 2, "change_message": "[{\"changed\": {\"fields\": [\"Image\"]}}]"}}, {"model": "admin.logentry", "pk": 79, "fields": {"action_time": "2022-01-11T18:31:14.451Z", "user": 1, "content_type": 3, "object_id": "5", "object_repr": "Quarterly Bundle - Silver", "action_flag": 2, "change_message": "[{\"changed\": {\"fields\": [\"Image\"]}}]"}}, {"model": "admin.logentry", "pk": 80, "fields": {"action_time": "2022-01-11T18:31:36.698Z", "user": 1, "content_type": 3, "object_id": "6", "object_repr": "Monthly Bundle - Gold", "action_flag": 2, "change_message": "[{\"changed\": {\"fields\": [\"Image\"]}}]"}}, {"model": "admin.logentry", "pk": 81, "fields": {"action_time": "2022-01-11T18:32:08.261Z", "user": 1, "content_type": 3, "object_id": "7", "object_repr": "Monthly Bundle - Silver", "action_flag": 2, "change_message": "[{\"changed\": {\"fields\": [\"Image\"]}}]"}}, {"model": "admin.logentry", "pk": 82, "fields": {"action_time": "2022-01-11T18:32:34.957Z", "user": 1, "content_type": 3, "object_id": "9", "object_repr": "Boxing Gloves - Black", "action_flag": 2, "change_message": "[{\"changed\": {\"fields\": [\"Image\"]}}]"}}, {"model": "admin.logentry", "pk": 83, "fields": {"action_time": "2022-01-11T18:32:51.974Z", "user": 1, "content_type": 3, "object_id": "8", "object_repr": "Boxing Gloves - Red", "action_flag": 2, "change_message": "[{\"changed\": {\"fields\": [\"Image\"]}}]"}}, {"model": "admin.logentry", "pk": 84, "fields": {"action_time": "2022-01-11T18:33:09.439Z", "user": 1, "content_type": 3, "object_id": "11", "object_repr": "Handwraps - Black", "action_flag": 2, "change_message": "[{\"changed\": {\"fields\": [\"Image\"]}}]"}}, {"model": "admin.logentry", "pk": 85, "fields": {"action_time": "2022-01-11T18:33:29.353Z", "user": 1, "content_type": 3, "object_id": "10", "object_repr": "Handwraps - Red", "action_flag": 2, "change_message": "[{\"changed\": {\"fields\": [\"Image\"]}}]"}}, {"model": "admin.logentry", "pk": 86, "fields": {"action_time": "2022-01-11T18:54:46.323Z", "user": 1, "content_type": 3, "object_id": "1", "object_repr": "Yearly Bundle - Gold", "action_flag": 2, "change_message": "[{\"changed\": {\"fields\": [\"Image\"]}}]"}}, {"model": "admin.logentry", "pk": 87, "fields": {"action_time": "2022-01-12T21:04:08.010Z", "user": 1, "content_type": 3, "object_id": "10", "object_repr": "Handwraps - Red", "action_flag": 2, "change_message": "[{\"changed\": {\"fields\": [\"Image\"]}}]"}}, {"model": "admin.logentry", "pk": 88, "fields": {"action_time": "2022-01-13T21:10:24.459Z", "user": 1, "content_type": 3, "object_id": "1", "object_repr": "Yearly Bundle - Gold", "action_flag": 2, "change_message": "[{\"deleted\": {\"name\": \"product select\", \"object\": \"Age Range\"}}]"}}, {"model": "admin.logentry", "pk": 89, "fields": {"action_time": "2022-01-13T21:30:58.664Z", "user": 1, "content_type": 11, "object_id": "2", "object_repr": "Junior", "action_flag": 2, "change_message": "[{\"changed\": {\"fields\": [\"Product option\"]}}]"}}, {"model": "admin.logentry", "pk": 90, "fields": {"action_time": "2022-01-13T21:31:10.031Z", "user": 1, "content_type": 11, "object_id": "1", "object_repr": "Senior", "action_flag": 2, "change_message": "[{\"changed\": {\"fields\": [\"Product option\"]}}]"}}, {"model": "admin.logentry", "pk": 91, "fields": {"action_time": "2022-01-13T21:31:22.495Z", "user": 1, "content_type": 11, "object_id": "3", "object_repr": "L", "action_flag": 2, "change_message": "[{\"changed\": {\"fields\": [\"Product option\"]}}]"}}, {"model": "admin.logentry", "pk": 92, "fields": {"action_time": "2022-01-13T21:31:28.847Z", "user": 1, "content_type": 11, "object_id": "4", "object_repr": "S", "action_flag": 2, "change_message": "[{\"changed\": {\"fields\": [\"Product option\"]}}]"}}, {"model": "admin.logentry", "pk": 93, "fields": {"action_time": "2022-01-13T21:31:37.046Z", "user": 1, "content_type": 11, "object_id": "2", "object_repr": "J", "action_flag": 2, "change_message": "[{\"changed\": {\"fields\": [\"Product option\"]}}]"}}, {"model": "admin.logentry", "pk": 94, "fields": {"action_time": "2022-01-13T21:31:43.534Z", "user": 1, "content_type": 11, "object_id": "1", "object_repr": "S", "action_flag": 2, "change_message": "[{\"changed\": {\"fields\": [\"Product option\"]}}]"}}, {"model": "admin.logentry", "pk": 95, "fields": {"action_time": "2022-01-13T21:32:16.513Z", "user": 1, "content_type": 3, "object_id": "1", "object_repr": "Yearly Bundle - Gold", "action_flag": 2, "change_message": "[{\"added\": {\"name\": \"product select\", \"object\": \"J\"}}]"}}, {"model": "admin.logentry", "pk": 96, "fields": {"action_time": "2022-01-13T21:42:46.962Z", "user": 1, "content_type": 3, "object_id": "1", "object_repr": "Yearly Bundle - Gold", "action_flag": 2, "change_message": "[]"}}, {"model": "admin.logentry", "pk": 97, "fields": {"action_time": "2022-01-13T21:56:02.197Z", "user": 1, "content_type": 11, "object_id": "4", "object_repr": "Short", "action_flag": 2, "change_message": "[{\"changed\": {\"fields\": [\"Product option\"]}}]"}}, {"model": "admin.logentry", "pk": 98, "fields": {"action_time": "2022-01-13T21:56:09.918Z", "user": 1, "content_type": 11, "object_id": "3", "object_repr": "Long", "action_flag": 2, "change_message": "[{\"changed\": {\"fields\": [\"Product option\"]}}]"}}, {"model": "admin.logentry", "pk": 99, "fields": {"action_time": "2022-01-13T21:56:16.958Z", "user": 1, "content_type": 11, "object_id": "2", "object_repr": "Junior", "action_flag": 2, "change_message": "[{\"changed\": {\"fields\": [\"Product option\"]}}]"}}, {"model": "admin.logentry", "pk": 100, "fields": {"action_time": "2022-01-13T21:56:25.849Z", "user": 1, "content_type": 11, "object_id": "1", "object_repr": "Senior", "action_flag": 2, "change_message": "[{\"changed\": {\"fields\": [\"Product option\"]}}]"}}, {"model": "admin.logentry", "pk": 101, "fields": {"action_time": "2022-01-18T18:13:17.812Z", "user": 1, "content_type": 11, "object_id": "5", "object_repr": "16oz", "action_flag": 1, "change_message": "[{\"added\": {}}, {\"added\": {\"name\": \"product select\", \"object\": \"16oz\"}}, {\"added\": {\"name\": \"product select\", \"object\": \"16oz\"}}]"}}, {"model": "admin.logentry", "pk": 102, "fields": {"action_time": "2022-01-18T18:13:49.817Z", "user": 1, "content_type": 11, "object_id": "6", "object_repr": "12oz", "action_flag": 1, "change_message": "[{\"added\": {}}, {\"added\": {\"name\": \"product select\", \"object\": \"12oz\"}}, {\"added\": {\"name\": \"product select\", \"object\": \"12oz\"}}]"}}, {"model": "admin.logentry", "pk": 103, "fields": {"action_time": "2022-01-18T18:13:55.799Z", "user": 1, "content_type": 3, "object_id": "8", "object_repr": "Boxing Gloves - Red", "action_flag": 2, "change_message": "[{\"added\": {\"name\": \"product select\", \"object\": \"16oz\"}}, {\"added\": {\"name\": \"product select\", \"object\": \"12oz\"}}]"}}, {"model": "admin.logentry", "pk": 104, "fields": {"action_time": "2022-01-18T18:14:07.091Z", "user": 1, "content_type": 3, "object_id": "9", "object_repr": "Boxing Gloves - Black", "action_flag": 2, "change_message": "[{\"added\": {\"name\": \"product select\", \"object\": \"16oz\"}}]"}}, {"model": "admin.logentry", "pk": 105, "fields": {"action_time": "2022-01-18T18:14:14.586Z", "user": 1, "content_type": 3, "object_id": "9", "object_repr": "Boxing Gloves - Black", "action_flag": 2, "change_message": "[]"}}, {"model": "admin.logentry", "pk": 106, "fields": {"action_time": "2022-01-18T18:14:36.094Z", "user": 1, "content_type": 3, "object_id": "8", "object_repr": "Boxing Gloves - Red", "action_flag": 2, "change_message": "[{\"deleted\": {\"name\": \"product select\", \"object\": \"16oz\"}}, {\"deleted\": {\"name\": \"product select\", \"object\": \"16oz\"}}, {\"deleted\": {\"name\": \"product select\", \"object\": \"12oz\"}}]"}}, {"model": "admin.logentry", "pk": 107, "fields": {"action_time": "2022-01-18T18:14:43.670Z", "user": 1, "content_type": 3, "object_id": "8", "object_repr": "Boxing Gloves - Red", "action_flag": 2, "change_message": "[]"}}, {"model": "admin.logentry", "pk": 108, "fields": {"action_time": "2022-01-22T14:53:35.412Z", "user": 1, "content_type": 1, "object_id": "1", "object_repr": "david.shanahan.burns@gmail.com", "action_flag": 2, "change_message": "[]"}}, {"model": "admin.logentry", "pk": 109, "fields": {"action_time": "2022-01-23T11:02:40.359Z", "user": 1, "content_type": 5, "object_id": "1", "object_repr": "david.shanahan.burns@gmail.com: Yearly Bundle - Gold", "action_flag": 1, "change_message": "[{\"added\": {}}]"}}, {"model": "admin.logentry", "pk": 110, "fields": {"action_time": "2022-01-23T11:03:00.219Z", "user": 1, "content_type": 5, "object_id": "2", "object_repr": "david.shanahan.burns@gmail.com: Yearly Bundle - Silver", "action_flag": 1, "change_message": "[{\"added\": {}}]"}}, {"model": "admin.logentry", "pk": 111, "fields": {"action_time": "2022-01-23T11:03:12.109Z", "user": 1, "content_type": 5, "object_id": "3", "object_repr": "david.shanahan.burns@gmail.com: Yearly Bundle - Bronze", "action_flag": 1, "change_message": "[{\"added\": {}}]"}}, {"model": "admin.logentry", "pk": 112, "fields": {"action_time": "2022-01-23T11:03:25.869Z", "user": 1, "content_type": 5, "object_id": "4", "object_repr": "david.shanahan.burns@gmail.com: Monthly Bundle - Gold", "action_flag": 1, "change_message": "[{\"added\": {}}]"}}, {"model": "admin.logentry", "pk": 113, "fields": {"action_time": "2022-01-23T11:03:37.405Z", "user": 1, "content_type": 5, "object_id": "5", "object_repr": "david.shanahan.burns@gmail.com: Quarterly Bundle - Silver", "action_flag": 1, "change_message": "[{\"added\": {}}]"}}, {"model": "admin.logentry", "pk": 114, "fields": {"action_time": "2022-01-23T11:03:54.120Z", "user": 1, "content_type": 5, "object_id": "6", "object_repr": "david.shanahan.burns@gmail.com: Monthly Bundle - Gold", "action_flag": 1, "change_message": "[{\"added\": {}}]"}}, {"model": "admin.logentry", "pk": 115, "fields": {"action_time": "2022-01-23T11:04:04.301Z", "user": 1, "content_type": 5, "object_id": "7", "object_repr": "david.shanahan.burns@gmail.com: Monthly Bundle - Silver", "action_flag": 1, "change_message": "[{\"added\": {}}]"}}, {"model": "admin.logentry", "pk": 116, "fields": {"action_time": "2022-01-23T11:04:14.145Z", "user": 1, "content_type": 5, "object_id": "8", "object_repr": "david.shanahan.burns@gmail.com: Boxing Gloves - Black", "action_flag": 1, "change_message": "[{\"added\": {}}]"}}, {"model": "admin.logentry", "pk": 117, "fields": {"action_time": "2022-01-23T11:04:23.440Z", "user": 1, "content_type": 5, "object_id": "9", "object_repr": "david.shanahan.burns@gmail.com: Boxing Gloves - Red", "action_flag": 1, "change_message": "[{\"added\": {}}]"}}, {"model": "admin.logentry", "pk": 118, "fields": {"action_time": "2022-01-23T11:04:33.355Z", "user": 1, "content_type": 5, "object_id": "10", "object_repr": "david.shanahan.burns@gmail.com: Handwraps - Black", "action_flag": 1, "change_message": "[{\"added\": {}}]"}}, {"model": "admin.logentry", "pk": 119, "fields": {"action_time": "2022-01-23T11:04:41.238Z", "user": 1, "content_type": 5, "object_id": "11", "object_repr": "david.shanahan.burns@gmail.com: Handwraps - Red", "action_flag": 1, "change_message": "[{\"added\": {}}]"}}, {"model": "admin.logentry", "pk": 120, "fields": {"action_time": "2022-01-23T12:00:02.817Z", "user": 1, "content_type": 5, "object_id": "12", "object_repr": "burnsro@tcd.ie: Yearly Bundle - Gold", "action_flag": 1, "change_message": "[{\"added\": {}}]"}}, {"model": "admin.logentry", "pk": 121, "fields": {"action_time": "2022-01-23T15:14:49.161Z", "user": 1, "content_type": 16, "object_id": "1", "object_repr": "Is the club to open to all levels?", "action_flag": 1, "change_message": "[{\"added\": {}}]"}}, {"model": "admin.logentry", "pk": 122, "fields": {"action_time": "2022-01-23T15:17:22.447Z", "user": 1, "content_type": 16, "object_id": "2", "object_repr": "How often a week is training?", "action_flag": 1, "change_message": "[{\"added\": {}}]"}}, {"model": "admin.logentry", "pk": 123, "fields": {"action_time": "2022-01-23T15:17:36.747Z", "user": 1, "content_type": 16, "object_id": "1", "object_repr": "Is the club to open to all levels?", "action_flag": 2, "change_message": "[]"}}, {"model": "admin.logentry", "pk": 124, "fields": {"action_time": "2022-01-23T15:20:24.857Z", "user": 1, "content_type": 16, "object_id": "3", "object_repr": "Do we have to spar in training?", "action_flag": 1, "change_message": "[{\"added\": {}}]"}}, {"model": "admin.logentry", "pk": 125, "fields": {"action_time": "2022-01-23T15:22:26.537Z", "user": 1, "content_type": 16, "object_id": "4", "object_repr": "What do we need to bring to training?", "action_flag": 1, "change_message": "[{\"added\": {}}]"}}, {"model": "admin.logentry", "pk": 126, "fields": {"action_time": "2022-01-23T15:25:41.332Z", "user": 1, "content_type": 16, "object_id": "2", "object_repr": "Is the club open to all sexes?", "action_flag": 2, "change_message": "[{\"changed\": {\"fields\": [\"Question\", \"Answer\"]}}]"}}, {"model": "admin.logentry", "pk": 127, "fields": {"action_time": "2022-01-23T15:25:50.406Z", "user": 1, "content_type": 16, "object_id": "1", "object_repr": "Is the club open to all levels?", "action_flag": 2, "change_message": "[{\"changed\": {\"fields\": [\"Question\"]}}]"}}, {"model": "admin.logentry", "pk": 128, "fields": {"action_time": "2022-01-23T15:26:09.147Z", "user": 1, "content_type": 16, "object_id": "5", "object_repr": "How often a week is training?", "action_flag": 1, "change_message": "[{\"added\": {}}]"}}, {"model": "admin.logentry", "pk": 129, "fields": {"action_time": "2022-01-23T15:26:30.367Z", "user": 1, "content_type": 16, "object_id": "3", "object_repr": "Do we have to spar in training?", "action_flag": 2, "change_message": "[{\"changed\": {\"fields\": [\"Answer\"]}}]"}}, {"model": "admin.logentry", "pk": 130, "fields": {"action_time": "2022-01-23T15:26:52.756Z", "user": 1, "content_type": 16, "object_id": "5", "object_repr": "Do we have to spar at training?", "action_flag": 2, "change_message": "[{\"changed\": {\"fields\": [\"Question\", \"Answer\"]}}]"}}, {"model": "admin.logentry", "pk": 131, "fields": {"action_time": "2022-01-23T15:27:01.729Z", "user": 1, "content_type": 16, "object_id": "3", "object_repr": "How often a week is training?", "action_flag": 2, "change_message": "[{\"changed\": {\"fields\": [\"Question\", \"Answer\"]}}]"}}, {"model": "admin.logentry", "pk": 132, "fields": {"action_time": "2022-01-23T15:27:08.733Z", "user": 1, "content_type": 16, "object_id": "5", "object_repr": "Do we have to spar in training?", "action_flag": 2, "change_message": "[{\"changed\": {\"fields\": [\"Question\"]}}]"}}, {"model": "admin.logentry", "pk": 133, "fields": {"action_time": "2022-01-23T15:29:15.983Z", "user": 1, "content_type": 16, "object_id": "6", "object_repr": "How much is membership?", "action_flag": 1, "change_message": "[{\"added\": {}}]"}}, {"model": "admin.logentry", "pk": 134, "fields": {"action_time": "2022-01-23T15:34:25.405Z", "user": 1, "content_type": 16, "object_id": "7", "object_repr": "How much is boxing gear?", "action_flag": 1, "change_message": "[{\"added\": {}}]"}}, {"model": "admin.logentry", "pk": 135, "fields": {"action_time": "2022-01-23T17:45:31.264Z", "user": 1, "content_type": 5, "object_id": "13", "object_repr": "burnsro@tcd.ie: Quarterly Bundle - Gold", "action_flag": 1, "change_message": "[{\"added\": {}}]"}}, {"model": "admin.logentry", "pk": 136, "fields": {"action_time": "2022-01-24T20:58:47.399Z", "user": 1, "content_type": 1, "object_id": "1", "object_repr": "david.shanahan.burns@gmail.com", "action_flag": 2, "change_message": "[]"}}, {"model": "admin.logentry", "pk": 137, "fields": {"action_time": "2022-01-29T14:09:25.902Z", "user": 1, "content_type": 14, "object_id": "5", "object_repr": "david.shanahan.burns@gmail.com:ED11DB06544E43D08DEC56BE2C41E278", "action_flag": 1, "change_message": "[{\"added\": {}}, {\"added\": {\"name\": \"order line item\", \"object\": \"SKU S on order ED11DB06544E43D08DEC56BE2C41E278\"}}]"}}, {"model": "admin.logentry", "pk": 138, "fields": {"action_time": "2022-01-29T14:09:49.351Z", "user": 1, "content_type": 14, "object_id": "5", "object_repr": "david.shanahan.burns@gmail.com:ED11DB06544E43D08DEC56BE2C41E278", "action_flag": 2, "change_message": "[{\"changed\": {\"name\": \"order line item\", \"object\": \"SKU Senior on order ED11DB06544E43D08DEC56BE2C41E278\", \"fields\": [\"Product select\", \"Quantity\"]}}]"}}, {"model": "admin.logentry", "pk": 139, "fields": {"action_time": "2022-01-29T14:26:54.052Z", "user": 1, "content_type": 14, "object_id": "5", "object_repr": "david.shanahan.burns@gmail.com:ED11DB06544E43D08DEC56BE2C41E278", "action_flag": 3, "change_message": ""}}, {"model": "admin.logentry", "pk": 140, "fields": {"action_time": "2022-01-29T14:26:54.058Z", "user": 1, "content_type": 14, "object_id": "4", "object_repr": "None:F4E422B9E842440FA89E461CBD838497", "action_flag": 3, "change_message": ""}}, {"model": "admin.logentry", "pk": 141, "fields": {"action_time": "2022-01-29T14:26:54.061Z", "user": 1, "content_type": 14, "object_id": "3", "object_repr": "None:396C958F85D241FE9F60CCFBD23E1B3F", "action_flag": 3, "change_message": ""}}, {"model": "admin.logentry", "pk": 142, "fields": {"action_time": "2022-01-29T14:26:54.065Z", "user": 1, "content_type": 14, "object_id": "2", "object_repr": "None:4B68320DEF7A4C168B24D44760017AB2", "action_flag": 3, "change_message": ""}}, {"model": "admin.logentry", "pk": 143, "fields": {"action_time": "2022-01-29T14:26:54.068Z", "user": 1, "content_type": 14, "object_id": "1", "object_repr": "None:828103E992994E3FB7143772D324E84F", "action_flag": 3, "change_message": ""}}, {"model": "admin.logentry", "pk": 144, "fields": {"action_time": "2022-01-29T14:54:13.285Z", "user": 1, "content_type": 14, "object_id": "6", "object_repr": "david.shanahan.burns@gmail.com:F4267517855C4CCF95B4A0DA7FB01884", "action_flag": 1, "change_message": "[{\"added\": {}}, {\"added\": {\"name\": \"order line item\", \"object\": \"SKU Senior on order F4267517855C4CCF95B4A0DA7FB01884\"}}]"}}, {"model": "admin.logentry", "pk": 145, "fields": {"action_time": "2022-01-29T15:01:59.352Z", "user": 1, "content_type": 14, "object_id": "6", "object_repr": "david.shanahan.burns@gmail.com:F4267517855C4CCF95B4A0DA7FB01884", "action_flag": 3, "change_message": ""}}, {"model": "admin.logentry", "pk": 146, "fields": {"action_time": "2022-01-30T17:13:11.128Z", "user": 1, "content_type": 11, "object_id": "7", "object_repr": "S", "action_flag": 1, "change_message": "[{\"added\": {}}]"}}, {"model": "admin.logentry", "pk": 147, "fields": {"action_time": "2022-01-30T17:13:20.829Z", "user": 1, "content_type": 11, "object_id": "8", "object_repr": "M", "action_flag": 1, "change_message": "[{\"added\": {}}]"}}, {"model": "admin.logentry", "pk": 148, "fields": {"action_time": "2022-01-30T17:13:29.081Z", "user": 1, "content_type": 11, "object_id": "9", "object_repr": "L", "action_flag": 1, "change_message": "[{\"added\": {}}]"}}, {"model": "admin.logentry", "pk": 149, "fields": {"action_time": "2022-01-30T17:13:52.334Z", "user": 1, "content_type": 11, "object_id": "10", "object_repr": "M", "action_flag": 1, "change_message": "[{\"added\": {}}]"}}, {"model": "admin.logentry", "pk": 150, "fields": {"action_time": "2022-01-30T17:14:00.920Z", "user": 1, "content_type": 11, "object_id": "11", "object_repr": "L", "action_flag": 1, "change_message": "[{\"added\": {}}]"}}, {"model": "admin.logentry", "pk": 151, "fields": {"action_time": "2022-01-30T17:14:05.579Z", "user": 1, "content_type": 3, "object_id": "12", "object_repr": "Club Hoodie", "action_flag": 1, "change_message": "[{\"added\": {}}, {\"added\": {\"name\": \"product select\", \"object\": \"S\"}}, {\"added\": {\"name\": \"product select\", \"object\": \"M\"}}, {\"added\": {\"name\": \"product select\", \"object\": \"L\"}}]"}}, {"model": "admin.logentry", "pk": 152, "fields": {"action_time": "2022-01-30T17:14:26.377Z", "user": 1, "content_type": 11, "object_id": "8", "object_repr": "M", "action_flag": 3, "change_message": ""}}, {"model": "admin.logentry", "pk": 153, "fields": {"action_time": "2022-01-30T17:14:32.510Z", "user": 1, "content_type": 11, "object_id": "9", "object_repr": "L", "action_flag": 3, "change_message": ""}}, {"model": "admin.logentry", "pk": 154, "fields": {"action_time": "2022-01-30T17:18:58.434Z", "user": 1, "content_type": 3, "object_id": "13", "object_repr": "Club Tshirt", "action_flag": 1, "change_message": "[{\"added\": {}}, {\"added\": {\"name\": \"product select\", \"object\": \"S\"}}, {\"added\": {\"name\": \"product select\", \"object\": \"M\"}}, {\"added\": {\"name\": \"product select\", \"object\": \"L\"}}]"}}, {"model": "admin.logentry", "pk": 155, "fields": {"action_time": "2022-01-30T17:19:54.888Z", "user": 1, "content_type": 3, "object_id": "12", "object_repr": "Club Hoodie", "action_flag": 2, "change_message": "[{\"changed\": {\"fields\": [\"Description\"]}}]"}}, {"model": "admin.logentry", "pk": 156, "fields": {"action_time": "2022-01-30T17:20:24.417Z", "user": 1, "content_type": 3, "object_id": "12", "object_repr": "Club Hoodie", "action_flag": 2, "change_message": "[{\"changed\": {\"fields\": [\"Description\"]}}]"}}, {"model": "admin.logentry", "pk": 157, "fields": {"action_time": "2022-01-30T17:20:41.162Z", "user": 1, "content_type": 3, "object_id": "12", "object_repr": "Club Hoodie", "action_flag": 2, "change_message": "[{\"changed\": {\"fields\": [\"Description\"]}}]"}}, {"model": "admin.logentry", "pk": 158, "fields": {"action_time": "2022-01-30T17:25:58.527Z", "user": 1, "content_type": 3, "object_id": "14", "object_repr": "Club Sweatpants", "action_flag": 1, "change_message": "[{\"added\": {}}, {\"added\": {\"name\": \"product select\", \"object\": \"S\"}}, {\"added\": {\"name\": \"product select\", \"object\": \"M\"}}, {\"added\": {\"name\": \"product select\", \"object\": \"L\"}}]"}}, {"model": "admin.logentry", "pk": 159, "fields": {"action_time": "2022-01-30T17:44:28.009Z", "user": 1, "content_type": 3, "object_id": "12", "object_repr": "Club Hoodie - Logo", "action_flag": 2, "change_message": "[{\"changed\": {\"fields\": [\"Title\"]}}]"}}, {"model": "admin.logentry", "pk": 160, "fields": {"action_time": "2022-01-30T17:44:41.579Z", "user": 1, "content_type": 3, "object_id": "13", "object_repr": "Tshirt - Logo", "action_flag": 2, "change_message": "[{\"changed\": {\"fields\": [\"Title\"]}}]"}}, {"model": "admin.logentry", "pk": 161, "fields": {"action_time": "2022-01-30T17:45:05.948Z", "user": 1, "content_type": 3, "object_id": "12", "object_repr": "Hoodie - Logo", "action_flag": 2, "change_message": "[{\"changed\": {\"fields\": [\"Title\"]}}]"}}, {"model": "admin.logentry", "pk": 162, "fields": {"action_time": "2022-01-30T17:45:27.637Z", "user": 1, "content_type": 3, "object_id": "14", "object_repr": "Pants - Logo", "action_flag": 2, "change_message": "[{\"changed\": {\"fields\": [\"Title\"]}}]"}}, {"model": "admin.logentry", "pk": 163, "fields": {"action_time": "2022-01-30T17:48:14.177Z", "user": 1, "content_type": 3, "object_id": "15", "object_repr": "Hoodie - Text", "action_flag": 1, "change_message": "[{\"added\": {}}, {\"added\": {\"name\": \"product select\", \"object\": \"S\"}}, {\"added\": {\"name\": \"product select\", \"object\": \"M\"}}, {\"added\": {\"name\": \"product select\", \"object\": \"L\"}}]"}}, {"model": "admin.logentry", "pk": 164, "fields": {"action_time": "2022-01-30T17:48:30.080Z", "user": 1, "content_type": 3, "object_id": "13", "object_repr": "Tshirt - Logo", "action_flag": 2, "change_message": "[{\"changed\": {\"fields\": [\"Ordering\"]}}]"}}, {"model": "admin.logentry", "pk": 165, "fields": {"action_time": "2022-01-30T17:48:45.544Z", "user": 1, "content_type": 3, "object_id": "14", "object_repr": "Pants - Logo", "action_flag": 2, "change_message": "[{\"changed\": {\"fields\": [\"Ordering\"]}}]"}}, {"model": "admin.logentry", "pk": 166, "fields": {"action_time": "2022-01-30T17:50:13.282Z", "user": 1, "content_type": 3, "object_id": "16", "object_repr": "Tshirt - Text", "action_flag": 1, "change_message": "[{\"added\": {}}, {\"added\": {\"name\": \"product select\", \"object\": \"S\"}}, {\"added\": {\"name\": \"product select\", \"object\": \"M\"}}, {\"added\": {\"name\": \"product select\", \"object\": \"L\"}}]"}}, {"model": "admin.logentry", "pk": 167, "fields": {"action_time": "2022-01-30T17:52:23.636Z", "user": 1, "content_type": 3, "object_id": "17", "object_repr": "Pants - Text", "action_flag": 1, "change_message": "[{\"added\": {}}, {\"added\": {\"name\": \"product select\", \"object\": \"S\"}}, {\"added\": {\"name\": \"product select\", \"object\": \"M\"}}, {\"added\": {\"name\": \"product select\", \"object\": \"L\"}}]"}}, {"model": "sessions.session", "pk": "1y35o03n0hw4jkzhtg7y5f7r69h4cna4", "fields": {"session_data": ".eJxVjsEOgyAQRH-l4dyYAALqrb330h8gu7CorcVE8NCY_nsx8dDuYQ4zbyezMQtrHuyaaLGjZx3j7PzrIbgnxT3wD4j9XLk55mXEakeqI03VbfY0XQ_2r2CANJRvAVobqbRxLhDxFo00oZUK6yAENWgIvQepHAgDAYPC0HjNpfE1-IKXUrcuC8VcJvWs28rQImOmV7L4tokmcnm3Lj2d7mUqsY5_yn0Bj15MTg:1n87hg:OyOA38DwMaSZP4v4_FKLmrMNOlPEkm1sS3Gjn0UNPRU", "expire_date": "2022-01-27T21:32:16.637Z"}}, {"model": "sessions.session", "pk": "2c1hde7b8sdkdvkws5k9iau52y0ceq25", "fields": {"session_data": "eyJjdXJyZW50X2JhZyI6eyIxIjp7Iml0ZW1zX2J5X3NlbGVjdCI6eyJKdW5pb3IiOjN9fX19:1nCSCv:dTRw9vQSDfcXHPNyGqPZIrlKb5jBc5qXcnJSV82j-_g", "expire_date": "2022-02-08T20:14:25.224Z"}}, {"model": "sessions.session", "pk": "52u7ht9admnwvzc4qggmiujqov5xd2h6", "fields": {"session_data": ".eJxVjs0KgzAQhN8l5yKYqFGPPRb6DGE32Wham0B-DkX67o3goZ3DHma-GXZnCkpeVUkUlTNsZi27_HoI-kn-CMwD_BIaHXyODpsDac40NfdgaLue7N_ACmmtbQ7DIEU_SK0tUTuhFNJOosfOck4jSkJjQPQauASLtkc7mqEV0nRgKl5HdYmRfK4vLWzeGT-Oy_RKCt8q0UY6H9ateBcim8Wn6guwmUuu:1n8gzW:7URcXGSQZBDfycoycIwEg-yb6xiHZswiecLPyIE8oFA", "expire_date": "2022-01-29T11:13:02.908Z"}}, {"model": "sessions.session", "pk": "8tg2v96hrq9bautkpfttq02a0s2irvmf", "fields": {"session_data": ".eJxVjEEOgyAURO_CuiFRCqjLLpv0DOR_-CithQRw0RjvXk3cuJnFmzezMrvkTLEahJENK2uOCJW-xeDPFJrJ1gM9lxhSZkOzbduNGVjqZJZC2QTHhn11YQj2Q_Eo3BvimLhNseaA_FD42Rb-So7mx-leDiYo075uQSktpNLWeqKmRy2074XEu29b6lATOgdCWmg1ePQSfedUI7S7g9t1tv0BdFdLqw:1nEEND:F6e25ntErMjYQZBOWLexXH-V2E-YE95AcFyCbV3RJ_U", "expire_date": "2022-02-13T17:52:23.865Z"}}, {"model": "sessions.session", "pk": "f25cwdlfk4iufcx6hkfobq2faj35yjq8", "fields": {"session_data": ".eJxVjrEOwyAMRP-FuUICkpBk7N6pH4BsMEnaFCQgQxX130ukDK0Hy7p7Pt3ODGxlNlumZBbHRibY5VdDsE8Kh-EeEKbIbQwlLcgPhJ9u5rfoaL2e7F_ADHmu3xK6Tqu209Z6IjGgVtoPqsXGS0k9akLnQLUWpAaPvkXfu04o7RpwFa-hdkuJQqmVJjbuTIhjL4Ve2eDbZFrJlkO6zzHVQ37qfAGp8Ut2:1nDufP:c9u3FDkjTqYV-hhgeGdUSzzTG_SgbGSDgg3VmlX8d_M", "expire_date": "2022-02-12T20:49:51.546Z"}}, {"model": "sessions.session", "pk": "fbzba4d49eo3zy5ctafrfbnpp6xevk5b", "fields": {"session_data": ".eJx1jstqwzAQRX9FzNo1tfxQ4l2yLHSVVYmDkDQj26kjgyQXQvC_V4YU2kU3s7j3zOU8QKolDnIJ5OWI0EIB2e9MK_NJbivwqlw_52Z20Y8635D82Yb8fUaajk_2z8CgwpC-uWoaUdaNMMYSFXstSmH3Za0ryznttCCNqMraKC6U1bbWdodNUQqsFCY8jZrFe3IxKfXQPpJoOmOkW5D6LgNNZOIWvUFbrWsG_J_-BG2xboC8UQiqp5D0zucOpLyG2f2kHWTsNWO8zlgHB0RC9kHKT3d2XBxOxF7YaZy-yLM4s6TUweUC6zeATm9d:1n87oX:VpZLUXbihQP19-D-5XJaoyBSkFUsUTOWdwJnridNzsA", "expire_date": "2022-01-27T21:39:21.426Z"}}, {"model": "sessions.session", "pk": "k5a73l1eus5vmqfun6i7ezppe7tjrouh", "fields": {"session_data": ".eJxVjsFqwzAQRH9F7Nk1tRxZiW_JvaecShyEpF3ZTh0ZJLkQgv-9MqTQXvYw83ZmnqD0kga1RApqRGihguKvZrT9Ir8ZeNO-n0s7-xRGU25I-XJj-TEjTacX-y9g0HHI31w3jaxFI611RNXByFq6Qy3MznFOeyPJIOpaWM2ldsYJ4_bYVLXEncaM51C7hEA-5Uk9tE_g2xkT3aMyDxVpIps26Qxtta5rHnGnGHVPMddfLh0odYuz_1U7KNh7wbgoWAdHREL2STpMD3ZaPE7E3th5nL4psDSzXNnB9QrrDzVjZN0:1n87sB:VibckrvFTNkBtq2LL4D5snk9YQ-ql-w2UsLqfZme0mI", "expire_date": "2022-01-27T21:43:07.096Z"}}, {"model": "sessions.session", "pk": "kffbb713ims5n2u5ieta4y43aolh81ql", "fields": {"session_data": "e30:1n7lJM:1laRk-UGpwSR0AfFCdcmYY6N9X21xtE8ROFpekcnd_c", "expire_date": "2022-01-26T21:37:40.240Z"}}, {"model": "sessions.session", "pk": "kgnq3o46f8gbvghxck2k9ou9ra37wg5a", "fields": {"session_data": ".eJxVjEEOwiAQRe_C2pAAhWlduvcMZIYZpGpoUtpV491tky50-997f1MR16XEtckcR1ZXZdTldyNML6kH4CfWx6TTVJd5JH0o-qRN3yeW9-10_w4KtrLXFkMA5wOklEXMQOAgD85Tl62VnkCIGZ1PaAEzZU-552AccIe86-rzBftSOP8:1nBgvj:N0x6xQYjf9LuavEO-Cx78lDD1Zfbdm_J35Z2YDaUG7s", "expire_date": "2022-02-06T17:45:31.375Z"}}, {"model": "sessions.session", "pk": "rysm6w1vt0namzhkln48ddx11aj8t8r2", "fields": {"session_data": ".eJxVjj1vgzAQhv-KdTNFBQJO2JKlU5duVYiss-8MJMSWsBmiiP9eI6VSu9zwft3zBIVLHNQSeFYjQQsFZH81jebGbjPoiq73ufEuzqPOt0j-ckP-6Ymn0yv7b2DAMKR2iU0jq7qRxljm4qBlJe2hqvXOliXvtWRNhFVtsJRota213VNTVJJ2SCmeRs0yz-xiQuqhfSbQdMbI96D0QwWe2MRNOvYsvhIqQ1us65pg7hwC9hwSxvncgVLX4N2v2kEm3jNR1pno4EjEJL4Z5-khToujicWb-PATiehFetzB5QLrD6WVZrQ:1n87BE:CzuxJ8BoGG3hTaiLPGSWLYwvWwnoY0zu3drsfg3lhFs", "expire_date": "2022-01-27T20:58:44.905Z"}}, {"model": "sessions.session", "pk": "sgt6anmae7dqbl715b6fxry9fdpnecu8", "fields": {"session_data": ".eJxVjEEOwiAQRe_C2pAAhWlduvcMZIYZpGpoUtpV491tky50-997f1MR16XEtckcR1ZXZdTldyNML6kH4CfWx6TTVJd5JH0o-qRN3yeW9-10_w4KtrLXFkMA5wOklEXMQOAgD85Tl62VnkCIGZ1PaAEzZU-552AccIe86-rzBftSOP8:1nC6aB:Pp0TCxzqatLRjtSadqrhgpdQUgRw-SxoyBj9bOru4Ho", "expire_date": "2022-02-07T21:08:59.326Z"}}, {"model": "sessions.session", "pk": "tkdka7acca25xoa6rrku40on6tadg2yr", "fields": {"session_data": ".eJxVjj1vgzAQhv-KdTNFBQdM2JqlU5euIbJs3xlIHVvCpmoV8d9rpFRqlxue9-PeO0i1pkmukRY5I_RQQfGXaWU-yO8CXpUfQ2mCT8usy91SPtRYvgUkd3p4_xVMKk45Xau2FbxphTGWqDpqwYU98kYfbF1TpwVpRMUbo2qhrLaNth22FRd4UJjtudSsy0I-5Ukj9Hfo9jMnukWpv2UkRybtyK_OQV9t25Z33ChGNVLMC87nAaS8xuB_6QAFey5Y3RRsgBdEQnYKX7Mf2asLnxTZE3vPLAWWXw5wucD2A1sIZPg:1n9svt:ZVR70SG7hwx9Qa3D6PnpF6X6eqXFnMJg41DOK-J2h_c", "expire_date": "2022-02-01T18:10:13.374Z"}}, {"model": "sessions.session", "pk": "ubtsuqbieyo4zcv6m196wssonhaz0t7u", "fields": {"session_data": ".eJxVjjFvgzAQhf-KdTNBBQJO2JolU6dOVYiss-8MpMSWsBmiiP9eI6VSu9zw3nfvvScoXOKglsCzGglaKCD7q2k03-w2g27oep8b7-I86nxD8pcb8g9PPJ1e7L-AAcOQvktsGlnVjTTGMhdHLStpj1Wt97Ys-aAlayKsaoOlRKttre2BmqKStEdKeAo1yzyzi2lSD-0zDU1njHwPSj9U4IlN3KRPaIt1XdOIO4eAPYdUf7l0oNQtePerdpCJt0yUdSY6eCdiEl-M8_QQp8XRxGInzn4iEb1IhR1cr7D-AGeOY-0:1n87vP:K6yxBtme7_DIqZizvGyVL1AFeH3LQAIzZp36qsnAuS4", "expire_date": "2022-01-27T21:46:27.106Z"}}, {"model": "sessions.session", "pk": "ujj2us8asrh8ykjnzr1wbcosuvqjk5bl", "fields": {"session_data": ".eJxVjrEOgzAMRP8lc4WUhBBg7N5viOzYAVoKUhKGFvXfGySG9gYPd-9O3oWDLY9uSxzdRKIXUlx-PQT_4OUI6A7LsFZ-XXKcsDqQ6kxTdVuJ5-vJ_g2MkMbSVtA0VpvGeh-YZYdW29Bpg3VQilu0jESgjQdlIWAwGFpqpLZUAxW8jPotRl5yeWkQ_S7a40yZn8nhyyWe2efDkmp9i15-ir4WNkqH:1nDsDJ:0gXTiQzTTLheYUPGwmZ8VsetBn17g0svBDdcHXEDqic", "expire_date": "2022-02-12T18:12:41.452Z"}}, {"model": "sessions.session", "pk": "xaq1w36yihgbrcik9z0kv3r07z5rmja9", "fields": {"session_data": ".eJxVjEEOwiAQRe_C2pAAhWlduvcMZIYZpGpoUtpV491tky50-997f1MR16XEtckcR1ZXZdTldyNML6kH4CfWx6TTVJd5JH0o-qRN3yeW9-10_w4KtrLXFkMA5wOklEXMQOAgD85Tl62VnkCIGZ1PaAEzZU-552AccIe86-rzBftSOP8:1n5QWQ:y4DyQmsDbWxPlP8QB8rwlrjGAgUahiKUBGP0MAj5Dew", "expire_date": "2022-01-20T11:01:30.799Z"}}]