[
{
    "model": "products.category",
    "pk": 1,
    "fields": {
        "title": "Membership",
        "slug": "membership",
        "ordering": 1
    }
},
{
    "model": "products.category",
    "pk": 2,
    "fields": {
        "title": "Boxing Gear",
        "slug": "boxing-gear",
        "ordering": 2
    }
},
{
    "model": "products.category",
    "pk": 3,
    "fields": {
        "title": "Apparel",
        "slug": "apparel",
        "ordering": 3
    }
},
{
    "model": "products.subcategory",
    "pk": 1,
    "fields": {
        "parent": 1,
        "title": "Yearly Bundle",
        "slug": "yearly-bundle",
        "ordering": 1
    }
},
{
    "model": "products.subcategory",
    "pk": 2,
    "fields": {
        "parent": 1,
        "title": "Quarterly Bundle",
        "slug": "quarterly-bundle",
        "ordering": 2
    }
},
{
    "model": "products.subcategory",
    "pk": 3,
    "fields": {
        "parent": 1,
        "title": "Monthly Bundle",
        "slug": "monthly-bundle",
        "ordering": 3
    }
},
{
    "model": "products.subcategory",
    "pk": 4,
    "fields": {
        "parent": 2,
        "title": "Boxing Gloves",
        "slug": "boxing-gloves",
        "ordering": 1
    }
},
{
    "model": "products.subcategory",
    "pk": 5,
    "fields": {
        "parent": 2,
        "title": "Handwraps",
        "slug": "handwraps",
        "ordering": 2
    }
},
{
    "model": "products.subcategory",
    "pk": 6,
    "fields": {
        "parent": 2,
        "title": "Mouthguard",
        "slug": "mouthguard",
        "ordering": 3
    }
},
{
    "model": "products.subcategory",
    "pk": 7,
    "fields": {
        "parent": 3,
        "title": "Hoodies",
        "slug": "hoodies",
        "ordering": 1
    }
},
{
    "model": "products.subcategory",
    "pk": 8,
    "fields": {
        "parent": 3,
        "title": "Tshirts",
        "slug": "tshirts",
        "ordering": 2
    }
},
{
    "model": "products.subcategory",
    "pk": 9,
    "fields": {
        "parent": 3,
        "title": "Sweatpants",
        "slug": "sweatpants",
        "ordering": 3
    }
},
{
    "model": "products.productoption",
    "pk": 1,
    "fields": {
        "product_option": "Age Range",
        "option_name": "Senior - 18+"
    }
},
{
    "model": "products.productoption",
    "pk": 2,
    "fields": {
        "product_option": "Age Range",
        "option_name": "Junior - Under 18"
    }
},
{
    "model": "products.productoption",
    "pk": 3,
    "fields": {
        "product_option": "Length",
        "option_name": "4.5m"
    }
},
{
    "model": "products.productoption",
    "pk": 4,
    "fields": {
        "product_option": "Length",
        "option_name": "3m"
    }
},
{
    "model": "products.product",
    "pk": 1,
    "fields": {
        "category": 1,
        "subcategory": 1,
        "title": "Yearly Bundle - Gold",
        "ordering": 1,
        "slug": "yearly-bundle-gold",
        "description": "12 month fully comprehensive membership - includes full travel expenses for club shows and sparring, 5 x family tickets for all events, and full set of club apparel and boxing gear. Great for young prospects!",
        "price": "300.00",
        "date_added": "2022-01-05T12:55:47.421Z",
        "image": "products/yearly-gold.jpeg",
        "thumbnail": "products/thumbnails/yearly-gold.jpeg"
    }
},
{
    "model": "products.product",
    "pk": 2,
    "fields": {
        "category": 1,
        "subcategory": 1,
        "title": "Yearly Bundle - Silver",
        "ordering": 1,
        "slug": "yearly-bundle-silver",
        "description": "12 month membership including club apparel and boxing gear. Hoodie, t-shirt, sweatpants, gloves, handwraps and mouthguard all included. Great for returning members!",
        "price": "200.00",
        "date_added": "2022-01-05T12:57:01.567Z",
        "image": "products/yearly-silver.jpeg",
        "thumbnail": "products/thumbnails/yearly-silver.jpeg"
    }
},
{
    "model": "products.product",
    "pk": 3,
    "fields": {
        "category": 1,
        "subcategory": 1,
        "title": "Yearly Bundle - Bronze",
        "ordering": 2,
        "slug": "yearly-bundle-bronze",
        "description": "12 month membership. Club apparel and training gear must be purchased separately ahead of club shows and club sparring. Great for beginners and first timers!",
        "price": "100.00",
        "date_added": "2022-01-05T12:58:01.587Z",
        "image": "products/yearly-bronze.jpeg",
        "thumbnail": "products/thumbnails/yearly-bronze.jpeg"
    }
},
{
    "model": "products.product",
    "pk": 4,
    "fields": {
        "category": 1,
        "subcategory": 2,
        "title": "Quarterly Bundle - Gold",
        "ordering": 3,
        "slug": "quarterly-bundle-gold",
        "description": "3 month membership for 36 sessions - includes technical sessions on Mondays and Wednesdays, as well as our doghouse sparring sessions on Sunday mornings.",
        "price": "80.00",
        "date_added": "2022-01-05T13:02:43.716Z",
        "image": "products/trophy-gold.jpeg",
        "thumbnail": "products/thumbnails/trophy-gold.jpeg"
    }
},
{
    "model": "products.product",
    "pk": 5,
    "fields": {
        "category": 1,
        "subcategory": 2,
        "title": "Quarterly Bundle - Silver",
        "ordering": 3,
        "slug": "quarterly-bundle-silver",
        "description": "3 month membership for 24 sessions - includes technical sessions on Mondays and Wednesdays. This package does not include our doghouse sparring sessions on Sunday mornings.",
        "price": "60.00",
        "date_added": "2022-01-05T13:22:09.757Z",
        "image": "products/trophy-silver.jpeg",
        "thumbnail": "products/thumbnails/trophy-silver.jpeg"
    }
},
{
    "model": "products.product",
    "pk": 6,
    "fields": {
        "category": 1,
        "subcategory": 3,
        "title": "Monthly Bundle - Gold",
        "ordering": 4,
        "slug": "monthly-bundle-gold",
        "description": "1 month membership for 12 sessions - includes technical sessions on Mondays and Wednesdays, as well as our doghouse sparring sessions on Sunday mornings.",
        "price": "40.00",
        "date_added": "2022-01-05T13:23:30.643Z",
        "image": "products/medal-gold.jpeg",
        "thumbnail": "products/thumbnails/medal-gold.jpeg"
    }
},
{
    "model": "products.product",
    "pk": 7,
    "fields": {
        "category": 1,
        "subcategory": 3,
        "title": "Monthly Bundle - Silver",
        "ordering": 4,
        "slug": "monthly-bundle-silver",
        "description": "1 month membership for 8 sessions - includes technical sessions on Mondays and Wednesdays. This package does not include our doghouse sparring sessions on Sunday mornings.",
        "price": "20.00",
        "date_added": "2022-01-05T13:25:01.331Z",
        "image": "products/medal-silver.jpeg",
        "thumbnail": "products/thumbnails/medal-silver.jpeg"
    }
},
{
    "model": "products.product",
    "pk": 8,
    "fields": {
        "category": 2,
        "subcategory": 4,
        "title": "Boxing Gloves - Red",
        "ordering": 5,
        "slug": "boxing-gloves-red",
        "description": "Box your way to the top in red leather gloves. Old school white lace closure. Land your hardest punches while protecting your hands. The foam mould protects and absorbs the impact.",
        "price": "40.00",
        "date_added": "2022-01-05T14:22:28.252Z",
        "image": "products/red-boxing-gloves.jpeg",
        "thumbnail": "products/thumbnails/red-boxing-gloves.jpeg"
    }
},
{
    "model": "products.product",
    "pk": 9,
    "fields": {
        "category": 2,
        "subcategory": 4,
        "title": "Boxing Gloves - Black",
        "ordering": 5,
        "slug": "boxing-gloves-black",
        "description": "Box your way to the top in black leather gloves. Old school white lace closure. Land your hardest punches while protecting your hands. The foam mould protects and absorbs the impact.",
        "price": "40.00",
        "date_added": "2022-01-05T14:25:51.474Z",
        "image": "products/black-boxing-gloves.jpeg",
        "thumbnail": "products/thumbnails/black-boxing-gloves.jpeg"
    }
},
{
    "model": "products.product",
    "pk": 10,
    "fields": {
        "category": 2,
        "subcategory": 5,
        "title": "Handwraps - Red",
        "ordering": 5,
        "slug": "handwraps-red",
        "description": "Protect your tools and they will protect you. Thumb lock loops, velcro fastening & hook and loop closure. Available in either 4.5 or 3 metres in length.",
        "price": "15.00",
        "date_added": "2022-01-05T14:39:18.492Z",
        "image": "products/handwraps-red.jpeg",
        "thumbnail": "products/thumbnails/handwraps-red.jpeg"
    }
},
{
    "model": "products.product",
    "pk": 11,
    "fields": {
        "category": 2,
        "subcategory": 5,
        "title": "Handwraps - Black",
        "ordering": 5,
        "slug": "handwraps-black",
        "description": "Protect your tools and they will protect you. Thumb lock loops, velcro fastening & hook and loop closure. Available in either 4.5 or 3 metres in length.",
        "price": "15.00",
        "date_added": "2022-01-05T14:40:32.059Z",
        "image": "products/handwraps-black.jpeg",
        "thumbnail": "products/thumbnails/handwraps-black.jpeg"
    }
},
{
    "model": "products.productselect",
    "pk": 1,
    "fields": {
        "product_select": 1,
        "product": 1,
        "stock_count": 10
    }
},
{
    "model": "products.productselect",
    "pk": 2,
    "fields": {
        "product_select": 1,
        "product": 2,
        "stock_count": 5
    }
},
{
    "model": "products.productselect",
    "pk": 3,
    "fields": {
        "product_select": 1,
        "product": 3,
        "stock_count": 5
    }
},
{
    "model": "products.productselect",
    "pk": 4,
    "fields": {
        "product_select": 1,
        "product": 4,
        "stock_count": 5
    }
},
{
    "model": "products.productselect",
    "pk": 5,
    "fields": {
        "product_select": 1,
        "product": 5,
        "stock_count": 5
    }
},
{
    "model": "products.productselect",
    "pk": 6,
    "fields": {
        "product_select": 1,
        "product": 6,
        "stock_count": 8
    }
},
{
    "model": "products.productselect",
    "pk": 7,
    "fields": {
        "product_select": 1,
        "product": 7,
        "stock_count": 8
    }
},
{
    "model": "products.productselect",
    "pk": 8,
    "fields": {
        "product_select": 2,
        "product": 1,
        "stock_count": 15
    }
},
{
    "model": "products.productselect",
    "pk": 9,
    "fields": {
        "product_select": 2,
        "product": 2,
        "stock_count": 15
    }
},
{
    "model": "products.productselect",
    "pk": 10,
    "fields": {
        "product_select": 2,
        "product": 3,
        "stock_count": 15
    }
},
{
    "model": "products.productselect",
    "pk": 11,
    "fields": {
        "product_select": 2,
        "product": 4,
        "stock_count": 15
    }
},
{
    "model": "products.productselect",
    "pk": 12,
    "fields": {
        "product_select": 2,
        "product": 5,
        "stock_count": 15
    }
},
{
    "model": "products.productselect",
    "pk": 13,
    "fields": {
        "product_select": 2,
        "product": 6,
        "stock_count": 15
    }
},
{
    "model": "products.productselect",
    "pk": 14,
    "fields": {
        "product_select": 2,
        "product": 7,
        "stock_count": 15
    }
},
{
    "model": "products.productselect",
    "pk": 15,
    "fields": {
        "product_select": 3,
        "product": 11,
        "stock_count": 15
    }
},
{
    "model": "products.productselect",
    "pk": 16,
    "fields": {
        "product_select": 3,
        "product": 10,
        "stock_count": 15
    }
},
{
    "model": "products.productselect",
    "pk": 17,
    "fields": {
        "product_select": 4,
        "product": 11,
        "stock_count": 15
    }
},
{
    "model": "products.productselect",
    "pk": 18,
    "fields": {
        "product_select": 4,
        "product": 10,
        "stock_count": 15
    }
},
{
    "model": "admin.logentry",
    "pk": 1,
    "fields": {
        "action_time": "2022-01-05T12:48:55.292Z",
        "user": 1,
        "content_type": 2,
        "object_id": "1",
        "object_repr": "Membership",
        "action_flag": 1,
        "change_message": "[{\"added\": {}}]"
    }
},
{
    "model": "admin.logentry",
    "pk": 2,
    "fields": {
        "action_time": "2022-01-05T12:49:13.402Z",
        "user": 1,
        "content_type": 2,
        "object_id": "2",
        "object_repr": "Boxing Gear",
        "action_flag": 1,
        "change_message": "[{\"added\": {}}]"
    }
},
{
    "model": "admin.logentry",
    "pk": 3,
    "fields": {
        "action_time": "2022-01-05T12:50:00.509Z",
        "user": 1,
        "content_type": 2,
        "object_id": "2",
        "object_repr": "Gear",
        "action_flag": 2,
        "change_message": "[{\"changed\": {\"fields\": [\"Title\", \"Slug\"]}}]"
    }
},
{
    "model": "admin.logentry",
    "pk": 4,
    "fields": {
        "action_time": "2022-01-05T12:50:18.481Z",
        "user": 1,
        "content_type": 2,
        "object_id": "2",
        "object_repr": "Boxing Gear",
        "action_flag": 2,
        "change_message": "[{\"changed\": {\"fields\": [\"Title\", \"Slug\"]}}]"
    }
},
{
    "model": "admin.logentry",
    "pk": 5,
    "fields": {
        "action_time": "2022-01-05T12:50:36.232Z",
        "user": 1,
        "content_type": 2,
        "object_id": "3",
        "object_repr": "Apparel",
        "action_flag": 1,
        "change_message": "[{\"added\": {}}]"
    }
},
{
    "model": "admin.logentry",
    "pk": 6,
    "fields": {
        "action_time": "2022-01-05T12:52:00.855Z",
        "user": 1,
        "content_type": 4,
        "object_id": "6",
        "object_repr": "Mouthguard",
        "action_flag": 2,
        "change_message": "[]"
    }
},
{
    "model": "admin.logentry",
    "pk": 7,
    "fields": {
        "action_time": "2022-01-05T12:55:47.423Z",
        "user": 1,
        "content_type": 3,
        "object_id": "1",
        "object_repr": "Yearly Bundle - Gold",
        "action_flag": 1,
        "change_message": "[{\"added\": {}}]"
    }
},
{
    "model": "admin.logentry",
    "pk": 8,
    "fields": {
        "action_time": "2022-01-05T12:57:01.568Z",
        "user": 1,
        "content_type": 3,
        "object_id": "2",
        "object_repr": "Yearly Bundle - Silver",
        "action_flag": 1,
        "change_message": "[{\"added\": {}}]"
    }
},
{
    "model": "admin.logentry",
    "pk": 9,
    "fields": {
        "action_time": "2022-01-05T12:58:01.589Z",
        "user": 1,
        "content_type": 3,
        "object_id": "3",
        "object_repr": "Yearly Bundle - Bronze",
        "action_flag": 1,
        "change_message": "[{\"added\": {}}]"
    }
},
{
    "model": "admin.logentry",
    "pk": 10,
    "fields": {
        "action_time": "2022-01-05T13:02:43.718Z",
        "user": 1,
        "content_type": 3,
        "object_id": "4",
        "object_repr": "Quarterly Bundle - Gold",
        "action_flag": 1,
        "change_message": "[{\"added\": {}}]"
    }
},
{
    "model": "admin.logentry",
    "pk": 11,
    "fields": {
        "action_time": "2022-01-05T13:02:54.496Z",
        "user": 1,
        "content_type": 3,
        "object_id": "4",
        "object_repr": "Quarterly Bundle - Gold",
        "action_flag": 2,
        "change_message": "[]"
    }
},
{
    "model": "admin.logentry",
    "pk": 12,
    "fields": {
        "action_time": "2022-01-05T13:03:17.123Z",
        "user": 1,
        "content_type": 3,
        "object_id": "4",
        "object_repr": "Quarterly Bundle - Gold",
        "action_flag": 2,
        "change_message": "[{\"changed\": {\"fields\": [\"Image\"]}}]"
    }
},
{
    "model": "admin.logentry",
    "pk": 13,
    "fields": {
        "action_time": "2022-01-05T13:03:46.064Z",
        "user": 1,
        "content_type": 3,
        "object_id": "4",
        "object_repr": "Quarterly Bundle - Gold",
        "action_flag": 2,
        "change_message": "[{\"changed\": {\"fields\": [\"Image\"]}}]"
    }
},
{
    "model": "admin.logentry",
    "pk": 14,
    "fields": {
        "action_time": "2022-01-05T13:21:03.744Z",
        "user": 1,
        "content_type": 3,
        "object_id": "4",
        "object_repr": "Quarterly Bundle - Gold",
        "action_flag": 2,
        "change_message": "[{\"changed\": {\"fields\": [\"Image\"]}}]"
    }
},
{
    "model": "admin.logentry",
    "pk": 15,
    "fields": {
        "action_time": "2022-01-05T13:22:09.759Z",
        "user": 1,
        "content_type": 3,
        "object_id": "5",
        "object_repr": "Quarterly Bundle - Silver",
        "action_flag": 1,
        "change_message": "[{\"added\": {}}]"
    }
},
{
    "model": "admin.logentry",
    "pk": 16,
    "fields": {
        "action_time": "2022-01-05T13:23:30.645Z",
        "user": 1,
        "content_type": 3,
        "object_id": "6",
        "object_repr": "Monthly Bundle - Gold",
        "action_flag": 1,
        "change_message": "[{\"added\": {}}]"
    }
},
{
    "model": "admin.logentry",
    "pk": 17,
    "fields": {
        "action_time": "2022-01-05T13:24:06.581Z",
        "user": 1,
        "content_type": 3,
        "object_id": "6",
        "object_repr": "Monthly Bundle - Gold",
        "action_flag": 2,
        "change_message": "[{\"changed\": {\"fields\": [\"Ordering\"]}}]"
    }
},
{
    "model": "admin.logentry",
    "pk": 18,
    "fields": {
        "action_time": "2022-01-05T13:25:01.332Z",
        "user": 1,
        "content_type": 3,
        "object_id": "7",
        "object_repr": "Monthly Bundle - Silver",
        "action_flag": 1,
        "change_message": "[{\"added\": {}}]"
    }
},
{
    "model": "admin.logentry",
    "pk": 19,
    "fields": {
        "action_time": "2022-01-05T13:26:02.608Z",
        "user": 1,
        "content_type": 11,
        "object_id": "1",
        "object_repr": "Senior",
        "action_flag": 1,
        "change_message": "[{\"added\": {}}, {\"added\": {\"name\": \"product select\", \"object\": \"Senior\"}}]"
    }
},
{
    "model": "admin.logentry",
    "pk": 20,
    "fields": {
        "action_time": "2022-01-05T13:27:22.729Z",
        "user": 1,
        "content_type": 11,
        "object_id": "1",
        "object_repr": "Age Range",
        "action_flag": 2,
        "change_message": "[{\"changed\": {\"fields\": [\"Product option\", \"Option name\"]}}]"
    }
},
{
    "model": "admin.logentry",
    "pk": 21,
    "fields": {
        "action_time": "2022-01-05T13:27:35.390Z",
        "user": 1,
        "content_type": 11,
        "object_id": "1",
        "object_repr": "Age Range",
        "action_flag": 2,
        "change_message": "[]"
    }
},
{
    "model": "admin.logentry",
    "pk": 22,
    "fields": {
        "action_time": "2022-01-05T13:28:21.305Z",
        "user": 1,
        "content_type": 11,
        "object_id": "2",
        "object_repr": "Age Range",
        "action_flag": 1,
        "change_message": "[{\"added\": {}}]"
    }
},
{
    "model": "admin.logentry",
    "pk": 23,
    "fields": {
        "action_time": "2022-01-05T13:30:21.241Z",
        "user": 1,
        "content_type": 11,
        "object_id": "1",
        "object_repr": "Age Range",
        "action_flag": 2,
        "change_message": "[{\"added\": {\"name\": \"product select\", \"object\": \"Age Range\"}}, {\"added\": {\"name\": \"product select\", \"object\": \"Age Range\"}}, {\"added\": {\"name\": \"product select\", \"object\": \"Age Range\"}}, {\"added\": {\"name\": \"product select\", \"object\": \"Age Range\"}}, {\"added\": {\"name\": \"product select\", \"object\": \"Age Range\"}}, {\"added\": {\"name\": \"product select\", \"object\": \"Age Range\"}}]"
    }
},
{
    "model": "admin.logentry",
    "pk": 24,
    "fields": {
        "action_time": "2022-01-05T13:30:51.509Z",
        "user": 1,
        "content_type": 11,
        "object_id": "2",
        "object_repr": "Age Range",
        "action_flag": 2,
        "change_message": "[{\"added\": {\"name\": \"product select\", \"object\": \"Age Range\"}}, {\"added\": {\"name\": \"product select\", \"object\": \"Age Range\"}}, {\"added\": {\"name\": \"product select\", \"object\": \"Age Range\"}}, {\"added\": {\"name\": \"product select\", \"object\": \"Age Range\"}}, {\"added\": {\"name\": \"product select\", \"object\": \"Age Range\"}}, {\"added\": {\"name\": \"product select\", \"object\": \"Age Range\"}}, {\"added\": {\"name\": \"product select\", \"object\": \"Age Range\"}}]"
    }
},
{
    "model": "admin.logentry",
    "pk": 25,
    "fields": {
        "action_time": "2022-01-05T14:22:28.261Z",
        "user": 1,
        "content_type": 3,
        "object_id": "8",
        "object_repr": "Boxing Gloves - Red",
        "action_flag": 1,
        "change_message": "[{\"added\": {}}]"
    }
},
{
    "model": "admin.logentry",
    "pk": 26,
    "fields": {
        "action_time": "2022-01-05T14:22:50.523Z",
        "user": 1,
        "content_type": 3,
        "object_id": "8",
        "object_repr": "Boxing Gloves - Red",
        "action_flag": 2,
        "change_message": "[{\"changed\": {\"fields\": [\"Ordering\"]}}]"
    }
},
{
    "model": "admin.logentry",
    "pk": 27,
    "fields": {
        "action_time": "2022-01-05T14:22:59.135Z",
        "user": 1,
        "content_type": 3,
        "object_id": "6",
        "object_repr": "Monthly Bundle - Gold",
        "action_flag": 2,
        "change_message": "[]"
    }
},
{
    "model": "admin.logentry",
    "pk": 28,
    "fields": {
        "action_time": "2022-01-05T14:23:05.551Z",
        "user": 1,
        "content_type": 3,
        "object_id": "8",
        "object_repr": "Boxing Gloves - Red",
        "action_flag": 2,
        "change_message": "[{\"changed\": {\"fields\": [\"Ordering\"]}}]"
    }
},
{
    "model": "admin.logentry",
    "pk": 29,
    "fields": {
        "action_time": "2022-01-05T14:25:51.476Z",
        "user": 1,
        "content_type": 3,
        "object_id": "9",
        "object_repr": "Boxing Gloves - Black",
        "action_flag": 1,
        "change_message": "[{\"added\": {}}]"
    }
},
{
    "model": "admin.logentry",
    "pk": 30,
    "fields": {
        "action_time": "2022-01-05T14:26:07.812Z",
        "user": 1,
        "content_type": 3,
        "object_id": "9",
        "object_repr": "Boxing Gloves - Black",
        "action_flag": 2,
        "change_message": "[{\"changed\": {\"fields\": [\"Description\"]}}]"
    }
},
{
    "model": "admin.logentry",
    "pk": 31,
    "fields": {
        "action_time": "2022-01-05T14:39:18.494Z",
        "user": 1,
        "content_type": 3,
        "object_id": "10",
        "object_repr": "Handwraps - Red",
        "action_flag": 1,
        "change_message": "[{\"added\": {}}]"
    }
},
{
    "model": "admin.logentry",
    "pk": 32,
    "fields": {
        "action_time": "2022-01-05T14:39:35.243Z",
        "user": 1,
        "content_type": 3,
        "object_id": "10",
        "object_repr": "Handwraps - Red",
        "action_flag": 2,
        "change_message": "[]"
    }
},
{
    "model": "admin.logentry",
    "pk": 33,
    "fields": {
        "action_time": "2022-01-05T14:40:32.060Z",
        "user": 1,
        "content_type": 3,
        "object_id": "11",
        "object_repr": "Handwraps - Black",
        "action_flag": 1,
        "change_message": "[{\"added\": {}}]"
    }
},
{
    "model": "admin.logentry",
    "pk": 34,
    "fields": {
        "action_time": "2022-01-05T14:40:40.807Z",
        "user": 1,
        "content_type": 3,
        "object_id": "10",
        "object_repr": "Handwraps - Red",
        "action_flag": 2,
        "change_message": "[]"
    }
},
{
    "model": "admin.logentry",
    "pk": 35,
    "fields": {
        "action_time": "2022-01-05T14:40:49.133Z",
        "user": 1,
        "content_type": 3,
        "object_id": "11",
        "object_repr": "Handwraps - Black",
        "action_flag": 2,
        "change_message": "[{\"changed\": {\"fields\": [\"Description\"]}}]"
    }
},
{
    "model": "admin.logentry",
    "pk": 36,
    "fields": {
        "action_time": "2022-01-05T14:41:46.244Z",
        "user": 1,
        "content_type": 11,
        "object_id": "3",
        "object_repr": "Length",
        "action_flag": 1,
        "change_message": "[{\"added\": {}}, {\"added\": {\"name\": \"product select\", \"object\": \"Length\"}}, {\"added\": {\"name\": \"product select\", \"object\": \"Length\"}}]"
    }
},
{
    "model": "admin.logentry",
    "pk": 37,
    "fields": {
        "action_time": "2022-01-05T14:42:19.261Z",
        "user": 1,
        "content_type": 11,
        "object_id": "4",
        "object_repr": "Length",
        "action_flag": 1,
        "change_message": "[{\"added\": {}}, {\"added\": {\"name\": \"product select\", \"object\": \"Length\"}}, {\"added\": {\"name\": \"product select\", \"object\": \"Length\"}}]"
    }
},
{
    "model": "sessions.session",
    "pk": "xaq1w36yihgbrcik9z0kv3r07z5rmja9",
    "fields": {
        "session_data": ".eJxVjEEOwiAQRe_C2pAAhWlduvcMZIYZpGpoUtpV491tky50-997f1MR16XEtckcR1ZXZdTldyNML6kH4CfWx6TTVJd5JH0o-qRN3yeW9-10_w4KtrLXFkMA5wOklEXMQOAgD85Tl62VnkCIGZ1PaAEzZU-552AccIe86-rzBftSOP8:1n57UZ:t9mxCh2uoVI_5hqULISZr2ZmPK8sCWoJbkfDjHHdsrM",
        "expire_date": "2022-01-19T14:42:19.358Z"
    }
}
]
